main_sound,level,hanja,meaning
가,7급Ⅱ,家,집
가,7급,歌,노래
가,5급Ⅱ,價,값
가,5급,加,더할
가,5급,可,옳을
가,4급Ⅱ,假,거짓
가,4급Ⅱ,街,거리
가,4급,暇,틈
가,3급Ⅱ,佳,아름다울
가,3급Ⅱ,架,시렁
가,2급,柯,가지
가,2급,賈,성(姓)
가,2급,軻,수레
가,2급,迦,부처이름
가,2급,伽,절
가,1급,嘉,아름다울
가,1급,呵,꾸짖을
가,1급,嫁,시집갈
가,1급,稼,심을
가,1급,苛,가혹할
가,1급,袈,가사(袈裟)
가,1급,駕,멍에
가,1급,哥,성(姓)
가,특급Ⅱ,痂,헌데딱지
가,특급Ⅱ,珂,옥이름
가,특급Ⅱ,茄,가지
가,특급Ⅱ,訶,꾸짖을
가,특급Ⅱ,跏,책상다리할
가,특급Ⅱ,枷,칼
가,특급,斝,옥잔
가,특급,葭,갈대
가,특급,檟,가나무
가,특급,哿,가할
가,특급,珈,머리꾸미개
각,6급Ⅱ,各,각각
각,6급Ⅱ,角,뿔
각,4급,刻,새길
각,4급,覺,깨달을
각,3급Ⅱ,脚,다리
각,3급Ⅱ,閣,집
각,3급,却,물리칠
각,2급,珏,쌍옥
각,1급,恪,삼갈
각,1급,殼,껍질
각,특급Ⅱ,慤,정성
각,특급,桷,서까래
각,특급,卻,물리칠
간,7급Ⅱ,間,사이
간,4급,簡,대쪽
간,4급,看,볼
간,4급,干,방패
간,3급Ⅱ,刊,새길
간,3급Ⅱ,幹,줄기
간,3급Ⅱ,懇,간절할
간,3급Ⅱ,肝,간
간,3급,姦,간음할
간,2급,杆,몽둥이
간,2급,艮,괘이름
간,1급,奸,간사할
간,1급,墾,개간할
간,1급,澗,산골물
간,1급,癎,간질
간,1급,竿,낚싯대
간,1급,艱,어려울
간,1급,諫,간할
간,1급,揀,가릴
간,특급Ⅱ,稈,볏짚
간,특급Ⅱ,磵,시내澗
간,특급Ⅱ,桿,막대
간,특급Ⅱ,柬,가릴
간,특급Ⅱ,侃,강직할
간,특급,蕑,난초
간,특급,玕,옥돌
간,특급,榦,줄기
간,특급,瞯,엿볼
간,특급,衎,즐길
갈,3급,渴,목마를
갈,2급,葛,칡
갈,2급,鞨,오랑캐이름
갈,1급,喝,꾸짖을
갈,1급,竭,다할
갈,1급,褐,갈색
갈,특급Ⅱ,碣,비석
갈,특급Ⅱ,曷,어찌
갈,특급Ⅱ,乫,땅이름
갈,특급Ⅱ,蝎,전갈
갈,특급,秸,볏짚
감,6급,感,느낄
감,4급Ⅱ,減,덜
감,4급Ⅱ,監,볼
감,4급,甘,달
감,4급,敢,감히
감,3급Ⅱ,鑑,거울
감,2급,憾,섭섭할
감,1급,堪,견딜
감,1급,柑,귤
감,1급,疳,감질
감,1급,瞰,굽어볼
감,1급,紺,감색
감,1급,勘,헤아릴
감,특급Ⅱ,嵌,끼울
감,특급Ⅱ,坎,구덩이
감,특급Ⅱ,橄,감람나무
감,특급Ⅱ,鑒,거울鑑
감,특급Ⅱ,戡,이길
감,특급Ⅱ,龕,감실
감,특급,矙,엿볼
감,특급,欿,서운할
감,특급,减,덜
감,특급,酣,술즐길
감,특급,歛,바랄
갑,4급,甲,갑옷
갑,2급,鉀,갑옷
갑,2급,岬,곶(串)
갑,1급,匣,갑(匣)
갑,1급,閘,수문
갑,특급Ⅱ,胛,어깻죽지
강,7급Ⅱ,江,강
강,6급,強,강할
강,4급Ⅱ,講,욀
강,4급Ⅱ,康,편안
강,4급,降,내릴
강,3급Ⅱ,剛,굳셀
강,3급Ⅱ,綱,벼리
강,3급Ⅱ,鋼,강철
강,2급,姜,성(姓)
강,2급,崗,언덕
강,2급,疆,지경
강,2급,岡,산등성이
강,2급,彊,굳셀
강,1급,腔,속빌
강,1급,慷,슬플
강,1급,糠,겨
강,1급,薑,생강
강,특급Ⅱ,絳,짙게붉을
강,특급Ⅱ,羌,오랑캐
강,특급Ⅱ,鱇,아귀
강,특급Ⅱ,畺,지경疆
강,특급Ⅱ,强,강할強
강,특급Ⅱ,堈,독
강,특급Ⅱ,舡,배
강,특급Ⅱ,襁,포대기
강,특급,橿,참죽나무
강,특급,杠,깃대
개,6급,開,열
개,5급,改,고칠
개,4급Ⅱ,個,낱
개,3급Ⅱ,槪,대개
개,3급Ⅱ,介,낄
개,3급Ⅱ,蓋,덮을
개,3급,皆,다總
개,3급,慨,슬퍼할
개,2급,价,클
개,2급,塏,높은땅
개,1급,愾,성낼
개,1급,漑,물댈
개,1급,凱,개선할
개,1급,箇,낱
개,1급,芥,겨자
개,특급Ⅱ,疥,옴
개,특급Ⅱ,盖,덮을蓋
개,특급Ⅱ,鎧,갑옷
개,특급Ⅱ,愷,즐거울
개,특급,湝,물흐를
개,특급,喈,새소리
개,특급,槩,평미레
개,특급,玠,큰홀
개,특급,嘅,탄식할
객,5급Ⅱ,客,손
객,특급Ⅱ,喀,토할
갱,2급,坑,구덩이
갱,1급,羹,국
갱,특급Ⅱ,粳,메벼
갱,특급,鏗,금석소리
갱,특급,賡,이을
갱,특급,硜,돌소리
갱,특급,秔,메벼
갹,특급,臄,순대
거,7급Ⅱ,車,수레
거,5급,擧,들
거,5급,去,갈
거,4급,拒,막을
거,4급,居,살
거,4급,據,근거
거,4급,巨,클
거,3급Ⅱ,距,상거(相距)할
거,1급,醵,추렴할
거,1급,渠,개천
거,1급,倨,거만할
거,특급Ⅱ,踞,걸어앉을
거,특급Ⅱ,炬,횃불
거,특급Ⅱ,遽,급할
거,특급Ⅱ,鋸,톱
거,특급Ⅱ,鉅,톱
거,특급Ⅱ,祛,떨어없앨
거,특급Ⅱ,据,일할
거,특급,虡,쇠북걸이틀
거,특급,籧,대자리
거,특급,筥,광주리
거,특급,蘧,패랭이꽃
거,특급,莒,나라이름
거,특급,琚,패옥
거,특급,秬,검은기장
거,특급,袪,소매
거,특급,椐,느티나무
건,5급,件,물건
건,5급,建,세울
건,5급,健,굳셀
건,3급Ⅱ,乾,하늘
건,2급,鍵,자물쇠
건,1급,巾,수건
건,1급,腱,힘줄
건,1급,虔,공경할
건,특급Ⅱ,愆,허물
건,특급Ⅱ,楗,문빗장
건,특급Ⅱ,騫,이지러질
건,특급Ⅱ,蹇,절
건,특급,褰,걷을
걸,4급,傑,뛰어날
걸,3급,乞,빌
걸,2급,桀,하(夏)왕이름
걸,2급,杰,뛰어날
걸,특급,朅,떠날
검,4급Ⅱ,檢,검사할
검,4급,儉,검소할
검,3급Ⅱ,劍,칼
검,특급Ⅱ,鈐,자물쇠
검,특급Ⅱ,瞼,눈시울
검,특급Ⅱ,黔,검을
검,특급Ⅱ,劒,칼
겁,1급,怯,겁낼
겁,1급,劫,위협할
겁,특급Ⅱ,迲,자래單位
겁,특급,跲,엎드러질
게,2급,憩,쉴
게,2급,揭,높이들擧
게,1급,偈,불시(佛詩)
게,특급,愒,쉴
격,5급Ⅱ,格,격식
격,4급,擊,칠打
격,4급,激,격할
격,3급Ⅱ,隔,사이뜰
격,1급,檄,격문(檄文)
격,1급,膈,가슴
격,1급,覡,박수男巫
격,특급,綌,굵은갈포
격,특급,繳,주살
격,특급,鵙,왜가리
격,특급,鴃,왜가리
견,5급Ⅱ,見,볼
견,4급,堅,굳을
견,4급,犬,개
견,3급,遣,보낼
견,3급,肩,어깨
견,3급,絹,비단
견,3급,牽,이끌
견,2급,甄,질그릇
견,1급,繭,고치
견,1급,譴,꾸짖을
견,1급,鵑,두견새
견,특급,豣,돼지
견,특급,睊,흘겨볼
견,특급,獧,뛸
견,특급,岍,산이름
견,특급,蠲,덜
견,특급,繾,곡진할
견,특급,畎,밭고랑
견,특급,狷,고집스러울
결,5급Ⅱ,結,맺을
결,5급Ⅱ,決,결단할
결,4급Ⅱ,潔,깨끗할
결,4급Ⅱ,缺,이지러질
결,3급Ⅱ,訣,이별할
결,특급Ⅱ,抉,도려낼
결,특급,袺,옷섶잡을
결,특급,闋,마칠
결,특급,觼,쇠고리
겸,3급Ⅱ,兼,겸할
겸,3급Ⅱ,謙,겸손할
겸,특급Ⅱ,鎌,낫
겸,특급Ⅱ,慊,앙심먹을
겸,특급Ⅱ,鉗,집게
겸,특급Ⅱ,箝,재갈
겸,특급,歉,흉년들
겸,특급,蒹,갈대
경,6급,京,서울
경,5급Ⅱ,敬,공경
경,5급,輕,가벼울
경,5급,競,다툴
경,5급,景,볕
경,4급Ⅱ,境,지경
경,4급Ⅱ,經,지날
경,4급Ⅱ,警,깨우칠
경,4급Ⅱ,慶,경사
경,4급,驚,놀랄
경,4급,更,고칠
경,4급,傾,기울
경,4급,鏡,거울
경,3급Ⅱ,頃,이랑
경,3급Ⅱ,徑,지름길
경,3급Ⅱ,硬,굳을
경,3급Ⅱ,耕,밭갈犁田
경,3급,卿,벼슬
경,3급,庚,별
경,3급,竟,마침내
경,2급,璟,옥빛
경,2급,儆,경계할
경,2급,瓊,구슬
경,2급,炅,빛날
경,1급,勁,굳셀
경,1급,鯨,고래
경,1급,憬,깨달을
경,1급,頸,목
경,1급,莖,줄기
경,1급,脛,정강이
경,1급,磬,경쇠
경,1급,痙,경련(痙攣)
경,1급,梗,줄기
경,특급Ⅱ,倞,굳셀
경,특급Ⅱ,勍,굳셀
경,특급Ⅱ,涇,물이름
경,특급Ⅱ,逕,길
경,특급Ⅱ,耿,빛날
경,특급Ⅱ,絅,당길
경,특급Ⅱ,擎,받들
경,특급Ⅱ,俓,지름길徑
경,특급Ⅱ,坰,들野
경,특급Ⅱ,暻,밝을
경,특급Ⅱ,璥,옥이름
경,특급,罄,다할
경,특급,睘,놀라서볼
경,특급,鶊,꾀꼬리
경,특급,牼,소정강이뼈
경,특급,冂,멀
경,특급,黥,자자(刺字)할
경,특급,褧,홑옷
경,특급,熲,빛날
경,특급,焭,외로울
경,특급,煢,외로울
경,특급,檠,등잔걸이
경,특급,惸,근심할
경,특급,冏,빛날
경,특급,駉,살찌고큰
계,6급Ⅱ,界,지경
계,6급Ⅱ,計,셀
계,4급Ⅱ,係,맬
계,4급,階,섬돌
계,4급,鷄,닭
계,4급,季,계절
계,4급,系,이어맬
계,4급,繼,이을
계,4급,戒,경계할
계,3급Ⅱ,契,맺을
계,3급Ⅱ,桂,계수나무
계,3급Ⅱ,啓,열
계,3급Ⅱ,溪,시내
계,3급Ⅱ,械,기계
계,3급,繫,맬
계,3급,癸,북방
계,1급,悸,두근거릴
계,특급Ⅱ,屆,이를至
계,특급Ⅱ,堺,지경界
계,특급Ⅱ,磎,시내
계,특급Ⅱ,稽,머무를
계,특급Ⅱ,谿,시내
계,특급Ⅱ,棨,중계壁柱
계,특급Ⅱ,誡,경계할
계,특급,笄,비녀
계,특급,雞,닭
계,특급,烓,화덕
고,6급Ⅱ,高,높을
고,6급,古,예
고,6급,苦,쓸味覺
고,5급Ⅱ,告,고할
고,5급,考,생각할
고,5급,固,굳을
고,4급Ⅱ,故,연고
고,4급,孤,외로울
고,4급,庫,곳집
고,3급Ⅱ,姑,시어미
고,3급Ⅱ,稿,원고
고,3급Ⅱ,鼓,북
고,3급,顧,돌아볼
고,3급,枯,마를
고,2급,雇,품팔
고,2급,皐,언덕
고,1급,敲,두드릴
고,1급,辜,허물
고,1급,袴,바지
고,1급,拷,칠
고,1급,叩,두드릴
고,1급,股,넓적다리
고,1급,呱,울
고,1급,膏,기름
고,1급,痼,고질
고,1급,錮,막을
고,특급Ⅱ,菰,줄풀
고,특급Ⅱ,藁,짚
고,특급Ⅱ,蠱,독벌레
고,특급Ⅱ,誥,깨우칠
고,특급Ⅱ,羔,새끼양
고,특급Ⅱ,沽,살
고,특급Ⅱ,槁,마를
고,특급Ⅱ,暠,밝을
고,특급Ⅱ,攷,상고할考
고,특급Ⅱ,尻,꽁무니
고,특급Ⅱ,苽,줄
고,특급Ⅱ,睾,불알
고,특급,翶,노닐
고,특급,楛,거칠
고,특급,槀,마른나무
고,특급,櫜,칼집
고,특급,盬,짠못
고,특급,瞽,소경
고,특급,罟,그물
고,특급,羖,염소
고,특급,栲,북나무
고,특급,杲,밝을
고,특급,刳,가를
고,특급,鼛,큰북
고,특급,稾,원고
고,특급,罛,큰물고기그물
고,특급,觚,술잔
고,특급,酤,단술
고,특급,熇,말릴
곡,5급,曲,굽을
곡,4급,穀,곡식
곡,3급Ⅱ,哭,울
곡,3급Ⅱ,谷,골
곡,1급,梏,수갑
곡,1급,鵠,고니
곡,특급Ⅱ,斛,휘
곡,특급,觳,곱송그릴
곡,특급,轂,수레바퀴통
곡,특급,牿,외양간
곤,4급,困,곤할
곤,3급,坤,따
곤,1급,昆,맏
곤,1급,棍,몽둥이
곤,1급,袞,곤룡포
곤,특급Ⅱ,琨,옥돌
곤,특급Ⅱ,鯤,곤어
곤,특급Ⅱ,滾,넘쳐흐를
곤,특급Ⅱ,梱,문지방
곤,특급Ⅱ,崑,산이름
곤,특급,髡,머리깎을
곤,특급,棞,문지방
곤,특급,錕,붉은쇠
곤,특급,緄,띠
곤,특급,鯀,큰물고기
골,4급,骨,뼈
골,1급,汨,골몰할
공,7급Ⅱ,工,장인
공,7급Ⅱ,空,빌
공,6급Ⅱ,公,공평할
공,6급Ⅱ,共,한가지
공,6급Ⅱ,功,공勳
공,4급,孔,구멍
공,4급,攻,칠擊
공,3급Ⅱ,貢,바칠
공,3급Ⅱ,供,이바지할
공,3급Ⅱ,恐,두려울
공,3급Ⅱ,恭,공손할
공,1급,鞏,굳을
공,1급,拱,팔짱낄
공,특급Ⅱ,控,당길
공,특급Ⅱ,蚣,지네
공,특급Ⅱ,珙,큰옥
공,특급,悾,정성
공,특급,邛,수고할
과,6급Ⅱ,果,실과
과,6급Ⅱ,科,과목
과,5급Ⅱ,課,공부할
과,5급Ⅱ,過,지날
과,3급Ⅱ,誇,자랑할
과,3급Ⅱ,寡,적을
과,2급,菓,과자 과
과,2급,戈,창
과,2급,瓜,외
과,1급,顆,낱알
과,특급Ⅱ,鍋,노구솥
과,특급Ⅱ,跨,넘을
과,특급,薖,너그러울
과,특급,夸,사치할
과,특급,蜾,나나니벌
과,특급,裹,쌀
곽,3급,郭,둘레
곽,1급,廓,둘레
곽,1급,槨,외관(外棺)
곽,1급,藿,콩잎
곽,특급,霍,곽란
곽,특급,躩,바삐갈
곽,특급,鞹,가죽
관,5급Ⅱ,觀,볼
관,5급Ⅱ,關,관계할
관,4급Ⅱ,官,벼슬
관,4급,管,대롱
관,3급Ⅱ,寬,너그러울
관,3급Ⅱ,貫,꿸
관,3급Ⅱ,館,집
관,3급Ⅱ,慣,익숙할
관,3급Ⅱ,冠,갓
관,2급,款,항목
관,2급,琯,옥피리
관,2급,串,꿸
관,1급,棺,널
관,1급,顴,광대뼈
관,1급,灌,물댈
관,특급Ⅱ,瓘,옥
관,특급Ⅱ,菅,왕골
관,특급Ⅱ,罐,물동이
관,특급Ⅱ,梡,도마
관,특급,盥,낯씻을
관,특급,瘝,앓을
관,특급,痯,병에지칠
관,특급,鸛,황새
관,특급,錧,비녀장
관,특급,祼,강신제
관,특급,丱,쌍상투
관,특급,綰,얽을
괄,1급,刮,긁을
괄,1급,括,묶을
괄,특급Ⅱ,适,빠를
괄,특급Ⅱ,恝,괄시할
괄,특급,栝,전나무
괄,특급,佸,모일
괄,특급,聒,떠지껄일
광,6급Ⅱ,光,빛
광,5급Ⅱ,廣,넓을
광,4급,鑛,쇳돌
광,3급Ⅱ,狂,미칠
광,1급,曠,빌
광,1급,壙,뫼구덩이
광,1급,匡,바룰
광,1급,胱,오줌통
광,특급Ⅱ,珖,옥피리
광,특급Ⅱ,洸,물솟을
광,특급Ⅱ,筐,광주리
광,특급Ⅱ,侊,성할
광,특급Ⅱ,炚,빛날
광,특급,纊,고운솜
광,특급,誑,속일
광,특급,桄,광랑나무
광,특급,迋,속일
괘,3급,掛,걸懸
괘,1급,罫,줄罫線
괘,1급,卦,점괘
괴,3급Ⅱ,壞,무너질
괴,3급Ⅱ,怪,괴이할
괴,3급,塊,흙덩이
괴,3급,愧,부끄러울
괴,2급,傀,허수아비
괴,2급,槐,회화나무
괴,1급,拐,후릴
괴,1급,魁,괴수
괴,1급,乖,어그러질
괴,특급,蕢,흙덩이
괴,특급,瑰,옥돌
괵,특급,虢,나라이름
굉,1급,肱,팔뚝
굉,1급,轟,울릴
굉,1급,宏,클
굉,특급Ⅱ,紘,벼리
굉,특급,觥,뿔잔
굉,특급,鞃,고삐
교,8급,校,학교
교,8급,敎,가르칠
교,6급,交,사귈
교,5급,橋,다리
교,3급Ⅱ,巧,공교할
교,3급Ⅱ,較,견줄
교,3급,郊,들野
교,3급,矯,바로잡을
교,2급,僑,더부살이
교,2급,膠,아교
교,2급,絞,목맬
교,1급,攪,흔들
교,1급,咬,물齧
교,1급,喬,높을
교,1급,驕,교만할
교,1급,轎,가마
교,1급,蛟,교룡(蛟龍)
교,1급,皎,달밝을
교,1급,狡,교활할
교,1급,嬌,아리따울
교,특급Ⅱ,嶠,산길
교,특급Ⅱ,鮫,상어
교,특급Ⅱ,餃,교자
교,특급Ⅱ,翹,우뚝할
교,특급Ⅱ,蕎,메밀
교,특급,儌,갈
교,특급,敽,맬
교,특급,荍,당아욱
교,특급,磽,자갈땅
교,특급,茭,마른꼴
교,특급,蹻,발들
교,특급,嘐,깨물
교,특급,佼,예쁠
교,특급,鷮,꿩
교,특급,曒,밝을
교,특급,姣,아름다울
구,8급,九,아홉
구,7급,口,입
구,6급Ⅱ,球,공
구,6급,區,구분할
구,5급Ⅱ,具,갖출
구,5급Ⅱ,舊,예
구,5급,救,구원할
구,4급Ⅱ,求,구할索
구,4급Ⅱ,句,글귀
구,4급Ⅱ,究,연구할
구,4급,構,얽을
구,3급Ⅱ,久,오랠
구,3급Ⅱ,拘,잡을
구,3급Ⅱ,丘,언덕
구,3급,俱,함께
구,3급,龜,거북
구,3급,驅,몰
구,3급,苟,진실로
구,3급,懼,두려워할
구,3급,狗,개
구,2급,鷗,갈매기
구,2급,歐,구라파
구,2급,購,살
구,2급,邱,언덕
구,2급,玖,옥돌
구,1급,矩,모날
구,1급,駒,망아지
구,1급,鳩,비둘기
구,1급,舅,시아비
구,1급,枸,구기자(枸杞子)
구,1급,廏,마구
구,1급,寇,도적
구,1급,嘔,게울
구,1급,仇,원수
구,1급,垢,때
구,1급,衢,네거리
구,1급,鉤,갈고리
구,1급,臼,절구
구,1급,毆,때릴
구,1급,溝,도랑
구,1급,灸,뜸
구,1급,軀,몸
구,1급,柩,널棺
구,1급,謳,노래
구,1급,嶇,험할
구,특급Ⅱ,絿,급할
구,특급Ⅱ,廐,마구간廏
구,특급Ⅱ,勾,굽을
구,특급Ⅱ,坵,언덕丘
구,특급Ⅱ,瞿,놀랄
구,특급Ⅱ,逑,짝
구,특급Ⅱ,銶,끌
구,특급Ⅱ,耈,늙은이
구,특급Ⅱ,咎,허물
구,특급Ⅱ,柾,널柩
구,특급Ⅱ,毬,제기
구,특급,屨,신
구,특급,嫗,할미
구,특급,俅,공순할
구,특급,劬,수고할
구,특급,姤,만날
구,특급,糗,미숫가루
구,특급,雊,장끼울
구,특급,觩,뿔굽을
구,특급,艽,변방
구,특급,笱,통발
구,특급,韭,부추
구,특급,遘,만날
구,특급,媾,겹혼인
구,특급,裘,갖옷
구,특급,彀,활당길
구,특급,窶,가난할
구,특급,疚,오랜병
구,특급,璆,옥경쇠
구,특급,漚,물거품
구,특급,搆,얽을
구,특급,捄,흙파올릴
구,특급,扣,두드릴
구,특급,覯,만나볼
국,8급,國,나라
국,5급Ⅱ,局,판形局
국,3급Ⅱ,菊,국화
국,2급,鞠,성(姓)
국,특급Ⅱ,鞫,국문할
국,특급Ⅱ,麴,누룩
국,특급,匊,움큼
군,8급,軍,군사
군,6급,郡,고을
군,4급,君,임금
군,4급,群,무리
군,1급,窘,군색할
군,특급Ⅱ,裙,치마
굴,4급,屈,굽힐
굴,2급,窟,굴
굴,2급,掘,팔
굴,특급Ⅱ,堀,팔
굴,특급,詘,말막힐
궁,4급Ⅱ,宮,집
궁,4급,窮,다할
궁,3급Ⅱ,弓,활
궁,1급,躬,몸
궁,1급,穹,하늘
궁,특급Ⅱ,芎,궁궁이
권,4급Ⅱ,權,권세
권,4급,券,문서
권,4급,勸,권할
권,4급,卷,책
권,3급Ⅱ,拳,주먹
권,2급,圈,우리牢
권,1급,眷,돌볼
권,1급,捲,거둘
권,1급,倦,게으를
권,특급Ⅱ,淃,돌아흐를
권,특급,棬,나무그릇
권,특급,睠,돌아볼
권,특급,綣,정다울
권,특급,鬈,머리고울
궐,3급,厥,그其
궐,2급,闕,대궐
궐,1급,蹶,일어설
궐,특급Ⅱ,蕨,고사리
궐,특급Ⅱ,獗,날뛸
궤,3급,軌,바퀴자국
궤,1급,潰,무너질
궤,1급,詭,속일
궤,1급,几,안석
궤,1급,櫃,궤짝
궤,1급,机,책상
궤,특급Ⅱ,饋,먹일
궤,특급,垝,무너질
궤,특급,匱,갑(匣)
궤,특급,氿,구멍샘
궤,특급,簋,제기(祭器)이름
궤,특급,跪,꿇어앉을
궤,특급,餽,먹일
궤,특급,匭,상자
궤,특급,簣,삼태기
귀,5급,貴,귀할
귀,4급,歸,돌아갈
귀,3급Ⅱ,鬼,귀신
귀,특급Ⅱ,晷,해그림자
귀,특급,宄,간악할
규,5급,規,법
규,3급,糾,얽힐
규,3급,叫,부르짖을
규,2급,閨,안방
규,2급,珪,홀
규,2급,揆,헤아릴
규,2급,奎,별
규,2급,圭,서옥(瑞玉)
규,1급,逵,길거리
규,1급,葵,아욱
규,1급,窺,엿볼
규,1급,硅,규소
규,특급Ⅱ,赳,헌걸찰
규,특급Ⅱ,竅,구멍
규,특급Ⅱ,槻,물푸레나무
규,특급,闚,엿볼
규,특급,糺,살필
규,특급,戣,창
규,특급,頍,머리들
규,특급,睽,어그러질
규,특급,樛,휠
규,특급,刲,찌를
규,특급,騤,말건장할
규,특급,頄,광대뼈
균,4급,均,고를
균,3급Ⅱ,菌,버섯
균,특급Ⅱ,鈞,무거울
균,특급Ⅱ,勻,고를
균,특급Ⅱ,畇,밭일굴
균,특급Ⅱ,筠,대껍질
균,특급,麕,노루
균,특급,箘,죽순
귤,1급,橘,귤
극,4급Ⅱ,極,다할
극,4급,劇,심할
극,3급Ⅱ,克,이길
극,1급,隙,틈
극,1급,剋,이길
극,1급,戟,창
극,1급,棘,가시
극,특급,殛,귀양보낼
극,특급,亟,빠를
극,특급,郤,틈
극,특급,襋,옷깃
근,6급,根,뿌리
근,6급,近,가까울
근,4급,勤,부지런할
근,4급,筋,힘줄
근,3급,僅,겨우
근,3급,謹,삼갈
근,3급,斤,근무게단위
근,2급,瑾,아름다운옥
근,2급,槿,무궁화
근,1급,饉,주릴
근,1급,覲,뵐
근,특급Ⅱ,劤,힘셀
근,특급Ⅱ,芹,미나리
근,특급Ⅱ,菫,씀바귀
근,특급Ⅱ,懃,은근할
근,특급,漌,맑을
근,특급,墐,묻을
금,8급,金,쇠
금,6급Ⅱ,今,이제
금,4급Ⅱ,禁,금할
금,3급Ⅱ,禽,새
금,3급Ⅱ,錦,비단
금,3급Ⅱ,琴,거문고
금,1급,襟,옷깃
금,1급,擒,사로잡을
금,1급,衾,이불
금,특급Ⅱ,昑,밝을
금,특급Ⅱ,檎,능금
금,특급Ⅱ,芩,풀이름
금,특급Ⅱ,衿,옷깃
금,특급Ⅱ,妗,외숙모
급,6급Ⅱ,急,급할
급,6급,級,등급
급,5급,給,줄
급,3급Ⅱ,及,미칠
급,1급,扱,거둘
급,1급,汲,물길을
급,특급Ⅱ,伋,생각할
급,특급,岌,산높을
긍,3급,肯,즐길
긍,2급,兢,떨릴
긍,1급,矜,자랑할
긍,1급,亘,뻗칠
긍,특급,亙,뻗칠
기,7급Ⅱ,氣,기운
기,7급Ⅱ,記,기록할
기,7급,旗,기
기,5급Ⅱ,基,터
기,5급Ⅱ,己,몸
기,5급,汽,물끓는김
기,5급,期,기약할
기,5급,技,재주
기,4급Ⅱ,器,그릇
기,4급Ⅱ,起,일어날
기,4급,機,틀
기,4급,寄,부칠
기,4급,奇,기특할
기,4급,紀,벼리
기,3급Ⅱ,騎,말탈
기,3급Ⅱ,祈,빌
기,3급Ⅱ,畿,경기(京畿)
기,3급Ⅱ,其,그
기,3급Ⅱ,企,꾀할
기,3급,旣,이미
기,3급,忌,꺼릴
기,3급,棄,버릴
기,3급,欺,속일
기,3급,飢,주릴
기,3급,豈,어찌
기,3급,幾,몇
기,2급,棋,바둑
기,2급,冀,바랄
기,2급,岐,갈림길
기,2급,驥,천리마
기,2급,耆,늙을
기,2급,麒,기린
기,2급,沂,물이름
기,2급,淇,물이름
기,2급,琦,옥이름
기,2급,琪,아름다운옥
기,2급,璣,별이름
기,2급,箕,키
기,2급,騏,준마
기,1급,譏,비웃을
기,1급,肌,살膚肉
기,1급,綺,비단
기,1급,杞,구기자(枸杞子)
기,1급,朞,돌
기,1급,崎,험할
기,1급,妓,기생
기,1급,伎,재간
기,1급,羈,굴레
기,1급,嗜,즐길
기,1급,畸,뙈기밭
기,특급Ⅱ,磯,여울돌
기,특급Ⅱ,埼,갑
기,특급Ⅱ,圻,경기(京畿)
기,특급Ⅱ,碁,바둑
기,특급Ⅱ,夔,조심할
기,특급Ⅱ,璂,피변옥
기,특급Ⅱ,祁,클
기,특급Ⅱ,祇,지신
기,특급Ⅱ,祺,길할
기,특급Ⅱ,玘,패옥
기,특급Ⅱ,錡,세발가마
기,특급Ⅱ,錤,호미
기,특급Ⅱ,耭,밭갈
기,특급Ⅱ,饑,주릴
기,특급,歧,두갈래길
기,특급,棊,바둑
기,특급,曁,미칠
기,특급,暣,볕
기,특급,旂,용대기
기,특급,覊,굴레
기,특급,跂,육발이
기,특급,蘷,조심할
기,특급,墍,흙바를
기,특급,屺,민둥산
기,특급,忮,사나울
기,특급,軝,수레굴통대
기,특급,頎,헌걸찰
기,특급,芑,흰차조
기,특급,掎,당길
기,특급,僛,비틀거려춤출
기,특급,羇,굴레
기,특급,綦,들메끈
긴,3급Ⅱ,緊,긴할
길,5급,吉,길할
길,1급,拮,일할
길,특급Ⅱ,佶,바를
길,특급Ⅱ,桔,도라지
길,특급,姞,삼갈
끽,1급,喫,먹을
나,3급,那,어찌
나,1급,拏,잡을
나,1급,懦,나약할
나,1급,拿,잡을拏同
나,1급,儺,푸닥거리
나,특급Ⅱ,娜,아리따울
낙,3급Ⅱ,諾,허락할
난,4급Ⅱ,暖,따뜻할
난,4급Ⅱ,難,어려울
난,1급,煖,더울
난,특급,戁,두려워할
난,특급,赧,부끄러울
날,1급,捏,꾸밀
날,1급,捺,누를
날,특급,陧,위태할
남,8급,南,남녘
남,7급Ⅱ,男,사내
남,특급Ⅱ,楠,녹나무
남,특급Ⅱ,枏,녹나무
남,특급Ⅱ,湳,물이름
납,4급,納,들일
납,1급,衲,기울縫
납,특급,軜,고삐
낭,3급Ⅱ,娘,계집
낭,1급,囊,주머니
낭,특급,曩,지난번
내,7급Ⅱ,內,안
내,3급Ⅱ,耐,견딜
내,3급,奈,어찌
내,3급,乃,이에
내,특급Ⅱ,柰,사과
내,특급,鼐,큰솥
내,특급,迺,이에
녀,8급,女,계집
년,8급,年,해
년,1급,撚,비빌
년,특급Ⅱ,秊,해年
녈,1급,涅,열반(涅槃)
념,5급Ⅱ,念,생각
념,특급Ⅱ,拈,집을
념,특급Ⅱ,恬,편안할
념,특급Ⅱ,捻,비틀
녕,3급Ⅱ,寧,편안
녕,특급Ⅱ,寗,차라리
녕,특급Ⅱ,獰,사나울
녕,특급,甯,차라리
녕,특급,佞,재주있을
노,4급Ⅱ,怒,성낼
노,4급Ⅱ,努,힘쓸
노,3급Ⅱ,奴,종
노,1급,弩,쇠뇌
노,1급,駑,둔한말
노,특급Ⅱ,瑙,마노
노,특급,峱,산이름
노,특급,猱,원숭이
노,특급,呶,지껄일
노,특급,孥,자식
노,특급,砮,돌살촉
노,특급,怓,어지러울
농,7급Ⅱ,農,농사
농,2급,濃,짙을
농,1급,膿,고름
농,특급,穠,무성할
뇌,3급Ⅱ,腦,골
뇌,3급,惱,번뇌할
뇌,특급,餒,주릴
뇨,2급,尿,오줌
뇨,1급,撓,휠
뇨,특급Ⅱ,鬧,지껄일
누,특급,耨,호미
눈,특급Ⅱ,嫩,어릴
눌,1급,訥,말더듬거릴
뉴,1급,紐,맺을
뉴,특급Ⅱ,杻,싸리
뉴,특급,忸,익을
뉴,특급,鈕,인꼭지
뉴,특급,狃,익숙할
능,5급Ⅱ,能,능할
니,3급Ⅱ,泥,진흙
니,2급,尼,여승
니,특급,你,너
니,특급,柅,굄목
니,특급,怩,부끄러워할
닉,2급,溺,빠질
닉,1급,匿,숨길
닐,특급,昵,친할
다,6급,多,많을
다,3급Ⅱ,茶,차
다,특급,爹,아비
단,6급Ⅱ,短,짧을
단,5급Ⅱ,團,둥글
단,5급,壇,단
단,4급Ⅱ,斷,끊을
단,4급Ⅱ,單,홑
단,4급Ⅱ,檀,박달나무
단,4급Ⅱ,端,끝
단,4급,段,층계
단,3급Ⅱ,旦,아침
단,3급Ⅱ,但,다만
단,3급Ⅱ,丹,붉을
단,2급,鍛,쇠불릴
단,2급,湍,여울
단,1급,蛋,새알
단,1급,簞,소쿠리
단,1급,緞,비단
단,특급Ⅱ,亶,진실로
단,특급Ⅱ,彖,판단할
단,특급Ⅱ,袒,옷벗어멜
단,특급Ⅱ,鄲,한단
단,특급,漙,이슬많을
단,특급,慱,근심할
단,특급,襢,웃통벗을
단,특급,癉,앓을
단,특급,煅,쇠불릴
달,4급Ⅱ,達,통달할
달,1급,撻,때릴
달,1급,疸,황달
달,특급Ⅱ,獺,수달
달,특급Ⅱ,澾,미끄러울
달,특급,怛,슬플
달,특급,闥,궐문
담,5급,談,말씀
담,4급Ⅱ,擔,멜
담,3급Ⅱ,淡,맑을
담,2급,潭,못池
담,2급,膽,쓸개
담,1급,憺,참담할
담,1급,曇,흐릴
담,1급,澹,맑을
담,1급,痰,가래
담,1급,譚,클
담,특급Ⅱ,錟,창
담,특급Ⅱ,坍,무너질
담,특급Ⅱ,啖,씹을
담,특급Ⅱ,覃,깊을
담,특급Ⅱ,蕁,지모
담,특급Ⅱ,聃,귓바퀴없을
담,특급Ⅱ,湛,즐길
담,특급,惔,속탈
담,특급,萏,연봉오리
담,특급,餤,먹을
담,특급,驔,정강이흰말
담,특급,髧,머리늘어질
담,특급,耼,귓바퀴없을
담,특급,菼,달
담,특급,窞,구덩이
담,특급,黮,검을
답,7급Ⅱ,答,대답
답,3급Ⅱ,踏,밟을
답,3급,畓,논
답,1급,遝,뒤섞일
답,특급Ⅱ,沓,겹칠
당,6급Ⅱ,堂,집
당,5급Ⅱ,當,마땅
당,4급Ⅱ,黨,무리
당,3급Ⅱ,糖,엿
당,3급Ⅱ,唐,당나라
당,2급,塘,못池
당,1급,撞,칠
당,1급,棠,아가위
당,1급,螳,버마재비(사마귀)
당,특급Ⅱ,戇,어리석을
당,특급Ⅱ,幢,기
당,특급,儻,고상할
당,특급,鏜,종고소리
당,특급,鐺,목쇠사슬
당,특급,螗,씽씽매미
당,특급,倘,만일
대,8급,大,큰
대,6급Ⅱ,代,대신할
대,6급Ⅱ,對,대할
대,6급,待,기다릴
대,4급Ⅱ,帶,띠
대,4급Ⅱ,隊,무리
대,3급Ⅱ,臺,대
대,3급Ⅱ,貸,빌릴
대,2급,戴,일首荷
대,2급,垈,집터
대,1급,擡,들擧
대,1급,袋,자루
대,특급Ⅱ,黛,눈썹그릴
대,특급Ⅱ,岱,산이름
대,특급Ⅱ,坮,돈대
대,특급Ⅱ,玳,대모(玳瑁)
대,특급,祋,창
대,특급,譈,원망할
대,특급,懟,원망할
대,특급,憝,원망할
덕,5급Ⅱ,德,큰
덕,2급,悳,큰德
도,7급Ⅱ,道,길
도,6급Ⅱ,圖,그림
도,6급,度,법도
도,5급Ⅱ,到,이를
도,5급,都,도읍
도,5급,島,섬
도,4급Ⅱ,導,인도할
도,4급,徒,무리
도,4급,盜,도둑
도,4급,逃,도망할
도,3급Ⅱ,渡,건널
도,3급Ⅱ,桃,복숭아
도,3급Ⅱ,倒,넘어질
도,3급Ⅱ,陶,질그릇
도,3급Ⅱ,途,길行中
도,3급Ⅱ,刀,칼
도,3급,跳,뛸
도,3급,挑,돋울
도,3급,塗,칠할
도,3급,稻,벼
도,2급,悼,슬퍼할
도,2급,燾,비칠
도,1급,搗,찧을
도,1급,鍍,도금할
도,1급,蹈,밟을
도,1급,賭,내기
도,1급,萄,포도
도,1급,禱,빌
도,1급,睹,볼
도,1급,濤,물결
도,1급,屠,죽일
도,1급,淘,쌀일
도,1급,掉,흔들
도,1급,堵,담
도,1급,滔,물넘칠
도,특급Ⅱ,嶋,섬
도,특급Ⅱ,覩,볼
도,특급Ⅱ,韜,감출
도,특급Ⅱ,櫂,상앗대
도,특급Ⅱ,棹,노
도,특급,翿,깃일산
도,특급,咷,울
도,특급,闍,성문
도,특급,稌,찰벼
도,특급,檮,등걸
도,특급,擣,찧을
도,특급,慆,기뻐할
도,특급,鼗,작은북
도,특급,叨,탐할
도,특급,綯,노꼴
도,특급,荼,씀바귀
도,특급,謟,의심할
도,특급,鞉,소고
도,특급,瘏,앓을
도,특급,忉,근심할
독,6급Ⅱ,讀,읽을
독,5급Ⅱ,獨,홀로
독,4급Ⅱ,毒,독
독,4급Ⅱ,督,감독할
독,3급,篤,도타울
독,1급,禿,대머리
독,1급,瀆,도랑
독,특급Ⅱ,犢,송아지
독,특급Ⅱ,牘,편지
독,특급Ⅱ,纛,둑儀仗旗
독,특급,匵,손궤
독,특급,櫝,궤
독,특급,黷,더러울
돈,3급,敦,도타울
돈,3급,豚,돼지
돈,2급,惇,도타울
돈,2급,燉,불빛
돈,2급,頓,조아릴
돈,1급,沌,엉길
돈,특급Ⅱ,暾,해돋을
돈,특급Ⅱ,遯,도망할
돈,특급Ⅱ,旽,밝을
돈,특급Ⅱ,墩,돈대
돈,특급Ⅱ,焞,어스름할
돌,3급Ⅱ,突,갑자기
돌,2급,乭,이름
동,8급,東,동녘
동,7급Ⅱ,動,움직일
동,7급,同,한가지
동,7급,洞,골
동,7급,冬,겨울
동,6급Ⅱ,童,아이
동,4급Ⅱ,銅,구리
동,3급Ⅱ,凍,얼
동,2급,棟,마룻대
동,2급,桐,오동나무
동,2급,董,바를正
동,1급,疼,아플
동,1급,瞳,눈동자
동,1급,胴,큰창자
동,1급,憧,동경할
동,특급Ⅱ,仝,한가지同
동,특급Ⅱ,潼,물이름
동,특급,僮,아이종
동,특급,侗,지각없을
동,특급,烔,뜨거울
동,특급,罿,새그물
동,특급,彤,붉은칠할
동,특급,蝀,무지개
두,6급,頭,머리
두,4급Ⅱ,斗,말
두,4급Ⅱ,豆,콩
두,2급,杜,막을
두,1급,兜,투구
두,1급,痘,역질
두,특급Ⅱ,竇,구멍
두,특급Ⅱ,荳,팥
두,특급Ⅱ,逗,머무를
두,특급Ⅱ,枓,주두
두,특급,斁,무너질
둔,3급,屯,진칠
둔,3급,鈍,둔할
둔,1급,臀,볼기
둔,1급,遁,숨을
둔,특급Ⅱ,芚,싹돋을
득,4급Ⅱ,得,얻을
등,7급,登,오를
등,6급Ⅱ,等,무리
등,4급Ⅱ,燈,등
등,3급,騰,오를
등,2급,藤,등나무
등,2급,謄,베낄
등,2급,鄧,나라이름
등,1급,橙,귤
등,특급Ⅱ,嶝,고개
등,특급,螣,등사
등,특급,滕,물솟아오를
등,특급,縢,노
라,4급Ⅱ,羅,벌릴
라,2급,裸,벗을
라,1급,邏,순라
라,1급,螺,소라
라,1급,懶,게으를
라,1급,癩,문둥이
라,특급Ⅱ,喇,나팔
라,특급Ⅱ,蘿,담쟁이
라,특급,臝,벌거벗을
라,특급,蠃,나나니벌
락,6급Ⅱ,樂,즐길
락,5급,落,떨어질
락,3급Ⅱ,絡,이을
락,2급,洛,물이름
락,1급,駱,낙타
락,1급,烙,지질
락,1급,酪,쇠젖
락,특급Ⅱ,珞,구슬
락,특급,雒,올빼미
란,4급,亂,어지러울
란,4급,卵,알
란,3급Ⅱ,欄,난간
란,3급Ⅱ,蘭,난초
란,2급,爛,빛날
란,1급,瀾,물결
란,1급,鸞,난새
란,특급Ⅱ,欒,단란할
란,특급,闌,가로막을
란,특급,瓓,옥빛
랄,1급,剌,발랄할
랄,1급,辣,매울
랄,특급,捋,뽑을
람,4급,覽,볼
람,3급,濫,넘칠
람,2급,藍,쪽
람,1급,籃,대바구니
람,특급Ⅱ,嵐,아지랑이
람,특급Ⅱ,襤,남루할
람,특급Ⅱ,擥,잡을攬
람,특급Ⅱ,攬,잡을
람,특급Ⅱ,纜,닻줄
람,특급Ⅱ,欖,감람나무
랍,2급,拉,끌
랍,1급,蠟,밀
랍,1급,臘,섣달
랑,5급Ⅱ,朗,밝을
랑,3급Ⅱ,浪,물결
랑,3급Ⅱ,廊,사랑채
랑,3급Ⅱ,郞,사내
랑,1급,狼,이리
랑,특급Ⅱ,螂,사마귀
랑,특급Ⅱ,琅,옥소리
랑,특급Ⅱ,瑯,법랑
랑,특급,稂,가라지
래,7급,來,올
래,2급,萊,명아주
래,특급Ⅱ,崍,산이름
래,특급Ⅱ,徠,올
래,특급,勑,위로할
래,특급,倈,올
래,특급,騋,큰말
랭,5급,冷,찰
략,4급,略,간략할
략,3급,掠,노략질할
량,5급Ⅱ,良,어질
량,5급,量,헤아릴
량,4급Ⅱ,兩,두
량,4급,糧,양식
량,3급Ⅱ,涼,서늘할
량,3급Ⅱ,梁,들보
량,3급,諒,살펴알
량,2급,輛,수레
량,2급,樑,들보
량,2급,亮,밝을
량,1급,倆,재주
량,1급,粱,기장
량,특급Ⅱ,粮,양식
량,특급Ⅱ,凉,서늘할涼
려,5급Ⅱ,旅,나그네
려,4급Ⅱ,麗,고울
려,4급,慮,생각할
려,3급Ⅱ,勵,힘쓸
려,2급,廬,농막(農幕)집
려,2급,礪,숫돌
려,2급,呂,성(姓)
려,2급,驪,검은말
려,1급,侶,짝
려,1급,戾,어그러질
려,1급,濾,거를
려,1급,閭,마을
려,1급,黎,검을
려,특급Ⅱ,藜,명아주
려,특급Ⅱ,驢,나귀
려,특급Ⅱ,儷,짝
려,특급Ⅱ,櫚,종려나무
려,특급Ⅱ,蠣,굴
려,특급Ⅱ,犁,쟁기
려,특급,膂,등골뼈
려,특급,厲,엄할
려,특급,蠡,좀먹을
려,특급,藘,꼭두서니
력,7급Ⅱ,力,힘
력,5급Ⅱ,歷,지날
력,3급Ⅱ,曆,책력
력,1급,瀝,스밀
력,1급,礫,조약돌
력,특급Ⅱ,轢,차에치일
력,특급Ⅱ,靂,벼락
력,특급,櫟,떡갈나무
력,특급,鬲,솥
력,특급,酈,땅이름
련,5급Ⅱ,練,익힐
련,4급Ⅱ,連,이을
련,3급Ⅱ,鍊,쇠불릴
련,3급Ⅱ,蓮,연꽃
련,3급Ⅱ,聯,연이을
련,3급Ⅱ,戀,그리워할
련,3급,憐,불쌍히여길
련,2급,煉,달굴
련,2급,漣,잔물결
련,1급,輦,가마
련,특급Ⅱ,攣,손발굽을
련,특급Ⅱ,璉,호련
련,특급,孌,아름다울
렬,4급Ⅱ,列,벌릴
렬,4급,烈,매울
렬,3급Ⅱ,裂,찢어질
렬,3급,劣,못할
렬,특급Ⅱ,冽,찰
렬,특급Ⅱ,洌,맑을
렬,특급,栵,산밤나무
렴,3급,廉,청렴할
렴,2급,濂,물이름
렴,1급,斂,거둘
렴,1급,殮,염(殮)할
렴,1급,簾,발
렴,특급,蘞,거지덩굴
렵,3급,獵,사냥
령,5급,領,거느릴
령,5급,令,하여금
령,3급Ⅱ,靈,신령
령,3급Ⅱ,嶺,고개
령,3급,零,떨어질
령,2급,玲,옥소리
령,1급,齡,나이
령,1급,囹,옥(獄)
령,1급,逞,쾌할
령,1급,鈴,방울
령,특급Ⅱ,聆,들을
령,특급Ⅱ,伶,악공
령,특급Ⅱ,怜,영리할
령,특급Ⅱ,羚,영양
령,특급Ⅱ,岺,산깊을
령,특급Ⅱ,笭,다래끼
령,특급Ⅱ,翎,깃
령,특급,蛉,고추잠자리
령,특급,苓,복령(茯苓)
령,특급,姈,여자영리할
령,특급,昤,햇빛
례,6급,例,법식
례,6급,禮,예도
례,3급,隷,종
례,2급,醴,단술甘酒
례,특급Ⅱ,澧,물이름
례,특급,鱧,가물치
로,7급,老,늙을
로,6급,路,길
로,5급Ⅱ,勞,일할
로,3급Ⅱ,露,이슬
로,3급Ⅱ,爐,화로
로,2급,盧,성(姓)
로,2급,鷺,해오라기
로,2급,蘆,갈대
로,2급,魯,노나라
로,1급,虜,사로잡을
로,1급,擄,노략질할
로,1급,撈,건질
로,특급Ⅱ,瀘,물이름
로,특급Ⅱ,潞,물이름
로,특급Ⅱ,櫓,노
로,특급Ⅱ,輅,수레
로,특급Ⅱ,鹵,개펄
로,특급,纑,베올
로,특급,簵,대이름
로,특급,壚,검은흙
록,6급,綠,푸를
록,4급Ⅱ,錄,기록할
록,3급Ⅱ,祿,녹
록,3급,鹿,사슴
록,1급,麓,산기슭
록,1급,碌,푸른돌
록,특급Ⅱ,菉,조개풀
록,특급,彔,새길
론,4급Ⅱ,論,논할
롱,3급Ⅱ,弄,희롱할
롱,2급,籠,대바구니
롱,1급,壟,밭두둑
롱,1급,聾,귀먹을
롱,1급,瓏,옥소리
롱,특급Ⅱ,瀧,젖을
롱,특급Ⅱ,朧,몽롱할
롱,특급,隴,언덕
뢰,3급Ⅱ,賴,의뢰할
뢰,3급Ⅱ,雷,우레
뢰,1급,賂,뇌물
뢰,1급,磊,돌무더기
뢰,1급,牢,우리畜舍
뢰,1급,儡,꼭두각시
뢰,특급Ⅱ,瀨,여울
뢰,특급Ⅱ,賚,줄賜
뢰,특급,耒,따비
뢰,특급,罍,술잔
료,5급,料,헤아릴
료,3급,僚,동료
료,3급,了,마칠
료,2급,療,병고칠
료,2급,遼,멀
료,1급,燎,횃불
료,1급,瞭,밝을
료,1급,聊,애오라지
료,1급,寥,쓸쓸할
료,1급,寮,동관(同官)
료,특급Ⅱ,蓼,여뀌
료,특급Ⅱ,廖,공허할
료,특급,敹,가릴
료,특급,繚,동일
료,특급,潦,장마
룡,4급,龍,용
루,3급Ⅱ,漏,샐
루,3급Ⅱ,樓,다락
루,3급Ⅱ,累,여러
루,3급,淚,눈물
루,3급,屢,여러
루,1급,壘,보루
루,1급,陋,더러울
루,특급Ⅱ,褸,남루할
루,특급Ⅱ,蔞,물쑥
루,특급Ⅱ,瘻,부스럼
루,특급Ⅱ,縷,실오리
루,특급Ⅱ,鏤,새길
루,특급Ⅱ,婁,끌
루,특급,摟,안을
류,5급Ⅱ,流,흐를
류,5급Ⅱ,類,무리
류,4급Ⅱ,留,머무를
류,4급,柳,버들
류,2급,硫,유황
류,2급,謬,그르칠
류,2급,劉,죽일
류,1급,琉,유리
류,1급,溜,처마물
류,1급,瘤,혹
류,특급Ⅱ,旒,깃발
류,특급Ⅱ,榴,석류
류,특급Ⅱ,瀏,맑을
류,특급Ⅱ,瑠,유리
류,특급,纍,가둘
류,특급,懰,근심할
류,특급,罶,통발
류,특급,藟,덩굴풀
류,특급,虆,덩굴
류,특급,駵,월따말
륙,8급,六,여섯
륙,5급Ⅱ,陸,뭍
륙,1급,戮,죽일
륙,특급,僇,욕할
륙,특급,穋,올벼
륜,4급,輪,바퀴
륜,3급Ⅱ,倫,인륜
륜,2급,崙,산이름
륜,1급,淪,빠질
륜,1급,綸,벼리
륜,특급Ⅱ,侖,산이름
률,4급Ⅱ,律,법칙
률,3급Ⅱ,率,비율
률,3급Ⅱ,栗,밤
률,1급,慄,떨릴
륭,3급Ⅱ,隆,높을
륵,1급,肋,갈빗대
륵,1급,勒,굴레
름,1급,凜,찰
름,특급,懍,두려워할
름,특급,廩,쌀곳간
릉,3급Ⅱ,陵,언덕
릉,2급,楞,네모질四角
릉,1급,稜,모날
릉,1급,綾,비단
릉,1급,凌,업신여길
릉,1급,菱,마름
리,7급,里,마을
리,6급Ⅱ,利,이할
리,6급Ⅱ,理,다스릴
리,6급,李,오얏
리,4급,離,떠날
리,3급Ⅱ,吏,벼슬아치
리,3급Ⅱ,履,밟을
리,3급Ⅱ,裏,속
리,3급,梨,배
리,1급,悧,영리할
리,1급,籬,울타리
리,1급,釐,다스릴
리,1급,俚,속될
리,1급,裡,속
리,1급,痢,이질
리,1급,罹,걸릴
리,특급Ⅱ,狸,삵
리,특급Ⅱ,羸,야윌
리,특급Ⅱ,莉,말리
리,특급Ⅱ,厘,다스릴釐
리,특급Ⅱ,唎,소리
리,특급Ⅱ,鯉,잉어
리,특급Ⅱ,浬,해리
리,특급Ⅱ,璃,유리
리,특급,纚,맬
리,특급,莅,임할
리,특급,詈,꾸짖을
리,특급,俐,영리할
리,특급,縭,신꾸밀
리,특급,离,도깨비
리,특급,涖,임할
리,특급,梩,삼태기
린,3급,隣,이웃
린,2급,麟,기린
린,1급,吝,아낄
린,1급,鱗,비늘
린,1급,燐,도깨비불
린,1급,躪,짓밟을
린,특급Ⅱ,璘,옥빛
린,특급Ⅱ,藺,골풀
린,특급Ⅱ,潾,맑을
린,특급,粼,물맑을
린,특급,鄰,이웃
림,7급,林,수풀
림,3급Ⅱ,臨,임할
림,1급,淋,임질
림,특급Ⅱ,霖,장마
림,특급Ⅱ,琳,아름다운옥
립,7급Ⅱ,立,설
립,1급,笠,삿갓
립,1급,粒,낟알
립,특급Ⅱ,砬,돌소리
립,특급,苙,구릿대
마,5급,馬,말
마,3급Ⅱ,磨,갈
마,3급Ⅱ,麻,삼
마,2급,摩,문지를
마,2급,痲,저릴
마,2급,魔,마귀
마,특급Ⅱ,碼,마노
마,특급Ⅱ,瑪,마노
마,특급,禡,마제(禡祭)
막,3급Ⅱ,漠,넓을
막,3급Ⅱ,莫,없을
막,3급Ⅱ,幕,장막
막,2급,膜,꺼풀
막,1급,寞,고요할
막,특급Ⅱ,邈,멀
막,특급,藐,멀
막,특급,瘼,병들
만,8급,萬,일만
만,4급Ⅱ,滿,찰
만,3급Ⅱ,晩,늦을
만,3급,慢,거만할
만,3급,漫,흩어질
만,2급,娩,낳을
만,2급,灣,물굽이
만,2급,蠻,오랑캐
만,1급,輓,끌
만,1급,饅,만두
만,1급,蔓,덩굴
만,1급,鰻,뱀장어
만,1급,卍,만(卍)
만,1급,彎,굽을
만,1급,挽,당길
만,1급,瞞,속일
만,특급Ⅱ,万,일만萬
만,특급Ⅱ,巒,멧부리
만,특급Ⅱ,曼,길長
만,특급,鏋,금
만,특급,墁,바를
말,5급,末,끝
말,2급,靺,말갈(靺鞨)
말,1급,抹,지울
말,1급,沫,물거품
말,1급,襪,버선
말,특급Ⅱ,唜,끝
말,특급Ⅱ,茉,말리
말,특급,秣,말먹이
망,5급Ⅱ,望,바랄
망,5급,亡,망할
망,3급Ⅱ,妄,망령될
망,3급,忘,잊을
망,3급,茫,아득할
망,3급,忙,바쁠
망,3급,罔,없을
망,2급,網,그물
망,1급,芒,까끄라기
망,1급,惘,멍할
망,특급Ⅱ,莽,풀
망,특급Ⅱ,邙,북망산
망,특급Ⅱ,輞,바퀴테
망,특급,蘉,힘쓸
매,7급Ⅱ,每,매양
매,5급,買,살
매,5급,賣,팔
매,4급,妹,누이
매,3급Ⅱ,媒,중매
매,3급Ⅱ,梅,매화
매,3급,埋,묻을
매,2급,魅,매혹할
매,2급,枚,낱
매,1급,煤,그을음
매,1급,罵,꾸짖을
매,1급,邁,갈行
매,1급,呆,어리석을
매,1급,昧,어두울
매,1급,寐,잘
매,특급,脢,등심
매,특급,沬,희미할
매,특급,韎,가죽
매,특급,霾,흙비
매,특급,鋂,사슬고리
매,특급,痗,병들
매,특급,浼,더럽힐
매,특급,苺,딸기
매,특급,勱,힘쓸
맥,4급Ⅱ,脈,줄기
맥,3급Ⅱ,麥,보리
맥,2급,貊,맥국(貊國)
맥,특급Ⅱ,驀,뛰어넘을
맥,특급Ⅱ,陌,밭두둑길
맥,특급,貉,오랑캐
맥,특급,霢,가랑비
맹,3급Ⅱ,孟,맏
맹,3급Ⅱ,猛,사나울
맹,3급Ⅱ,盲,소경
맹,3급Ⅱ,盟,맹세
맹,1급,萌,움芽
맹,특급Ⅱ,氓,백성
멱,2급,覓,찾을
멱,특급Ⅱ,冪,덮을
면,7급,面,낯
면,4급,勉,힘쓸
면,3급Ⅱ,眠,잘
면,3급Ⅱ,綿,솜
면,3급Ⅱ,免,면할
면,2급,俛,힘쓸
면,2급,沔,물이름
면,2급,冕,면류관
면,1급,棉,목화
면,1급,眄,곁눈질할
면,1급,緬,멀
면,1급,麪,국수
면,특급Ⅱ,麵,국수麪
면,특급,湎,빠질
멸,3급Ⅱ,滅,꺼질
멸,2급,蔑,업신여길
멸,특급,篾,대껍질
멸,특급,幭,덮개
명,7급Ⅱ,名,이름
명,7급,命,목숨
명,6급Ⅱ,明,밝을
명,4급,鳴,울
명,3급Ⅱ,銘,새길
명,3급,冥,어두울
명,1급,溟,바다
명,1급,皿,그릇
명,1급,螟,멸구
명,1급,暝,저물
명,1급,酩,술취할
명,특급Ⅱ,椧,홈통
명,특급Ⅱ,瞑,눈감을
명,특급Ⅱ,蓂,명협
명,특급Ⅱ,茗,차싹
몌,1급,袂,소매
모,8급,母,어미
모,4급Ⅱ,毛,터럭
모,4급,模,본뜰
모,3급Ⅱ,謀,꾀
모,3급Ⅱ,貌,모양
모,3급Ⅱ,慕,그릴
모,3급,某,아무
모,3급,暮,저물
모,3급,募,모을
모,3급,冒,무릅쓸
모,3급,侮,업신여길
모,2급,矛,창
모,2급,帽,모자
모,2급,茅,띠草名
모,2급,謨,꾀
모,2급,牟,성(姓)
모,1급,摸,더듬을
모,1급,牡,수컷
모,1급,糢,모호할
모,1급,耗,소모할
모,특급Ⅱ,芼,나물
모,특급Ⅱ,眸,눈동자
모,특급Ⅱ,瑁,대모
모,특급Ⅱ,姆,여스승
모,특급Ⅱ,摹,모뜰
모,특급,麰,보리
모,특급,眊,눈흐릴
모,특급,旄,털기(旗)
모,특급,耄,늙을
모,특급,髦,다박머리
모,특급,蟊,해충
목,8급,木,나무
목,6급,目,눈
목,4급Ⅱ,牧,칠養
목,3급Ⅱ,睦,화목할
목,2급,沐,머리감을
목,2급,穆,화목할
목,특급Ⅱ,鶩,집오리
목,특급,霂,가랑비
목,특급,楘,수레장식
몰,3급Ⅱ,沒,빠질
몰,1급,歿,죽을
몽,3급Ⅱ,蒙,어두울
몽,3급Ⅱ,夢,꿈
몽,특급Ⅱ,朦,몽롱할
몽,특급,饛,밥수북히담을
몽,특급,幪,덮을
몽,특급,濛,이슬비
몽,특급,矇,소경
묘,4급,墓,무덤
묘,4급,妙,묘할
묘,3급,卯,토끼
묘,3급,廟,사당
묘,3급,苗,모
묘,2급,昴,별이름
묘,1급,猫,고양이
묘,1급,描,그릴
묘,1급,杳,아득할
묘,1급,渺,아득할
묘,특급Ⅱ,竗,묘할妙
묘,특급Ⅱ,錨,닻
묘,특급,眇,애꾸
묘,특급,貓,고양이
묘,특급,茆,띠
무,5급,無,없을
무,4급Ⅱ,務,힘쓸
무,4급Ⅱ,武,호반
무,4급,舞,춤출
무,3급Ⅱ,貿,무역할
무,3급Ⅱ,茂,무성할
무,3급,戊,천간
무,3급,霧,안개
무,1급,巫,무당
무,1급,蕪,거칠
무,1급,畝,이랑
무,1급,毋,말勿
무,1급,撫,어루만질
무,1급,拇,엄지손가락
무,1급,憮,어루만질
무,1급,誣,속일
무,특급Ⅱ,楙,모과나무
무,특급Ⅱ,珷,옥돌
무,특급Ⅱ,繆,얽을
무,특급Ⅱ,鵡,앵무새
무,특급Ⅱ,懋,힘쓸
무,특급Ⅱ,无,없을無
무,특급,儛,춤출
무,특급,廡,행랑
무,특급,膴,두터울
무,특급,髳,다박머리
묵,3급Ⅱ,墨,먹
묵,3급Ⅱ,默,잠잠할
묵,특급,纆,노
문,8급,門,문
문,7급,文,글월
문,7급,問,물을
문,6급Ⅱ,聞,들을
문,3급Ⅱ,紋,무늬
문,2급,紊,어지러울
문,2급,汶,물이름
문,1급,蚊,모기
문,특급Ⅱ,吻,입술
문,특급Ⅱ,刎,목자를
문,특급Ⅱ,們,무리
문,특급Ⅱ,雯,구름무늬
문,특급,捫,어루만질
문,특급,炆,따뜻할
문,특급,璊,붉은옥
문,특급,穈,붉은기장
물,7급Ⅱ,物,물건
물,3급Ⅱ,勿,말禁
물,특급Ⅱ,沕,아득할
미,6급,美,아름다울
미,6급,米,쌀
미,4급Ⅱ,未,아닐
미,4급Ⅱ,味,맛
미,3급Ⅱ,微,작을
미,3급Ⅱ,尾,꼬리
미,3급,迷,미혹할
미,3급,眉,눈썹
미,2급,彌,미륵
미,1급,靡,쓰러질
미,1급,薇,장미
미,1급,媚,아첨할
미,특급Ⅱ,湄,물가
미,특급Ⅱ,謎,수수께끼
미,특급Ⅱ,渼,물놀이
미,특급Ⅱ,楣,인중방
미,특급Ⅱ,黴,기미낄
미,특급Ⅱ,梶,나무끝
미,특급Ⅱ,嵋,산이름
미,특급,麋,고라니
미,특급,亹,힘쓸
미,특급,弭,활고자
미,특급,敉,어루만질
미,특급,糜,죽
미,특급,郿,땅이름
미,특급,瀰,물가득할
민,8급,民,백성
민,3급,敏,민첩할
민,3급,憫,민망할
민,2급,旻,하늘
민,2급,閔,성(姓)
민,2급,玟,아름다운돌
민,2급,珉,옥돌
민,2급,旼,화할
민,1급,悶,답답할
민,특급Ⅱ,泯,빠질
민,특급Ⅱ,岷,산이름
민,특급Ⅱ,愍,슬퍼할
민,특급Ⅱ,緡,돈꿰미
민,특급,慜,총명할
민,특급,敃,힘쓸
민,특급,潣,물졸졸흐를
민,특급,忞,힘쓸
민,특급,痻,병들
민,특급,暋,강할
민,특급,黽,힘쓸
밀,4급Ⅱ,密,빽빽할
밀,3급,蜜,꿀
밀,1급,謐,고요할
박,6급,朴,성(姓)
박,4급Ⅱ,博,넓을
박,4급,拍,칠
박,3급Ⅱ,迫,핍박할
박,3급Ⅱ,薄,엷을
박,3급,泊,머무를
박,2급,舶,배
박,1급,膊,팔뚝
박,1급,搏,두드릴
박,1급,縛,얽을
박,1급,箔,발簾
박,1급,撲,칠擊
박,1급,剝,벗길
박,1급,珀,호박(琥珀)
박,1급,樸,순박할
박,1급,粕,지게미
박,1급,駁,논박할
박,특급Ⅱ,璞,옥덩어리
박,특급Ⅱ,雹,우박
박,특급,亳,땅이름
박,특급,鎛,호미
박,특급,襮,수놓은깃
박,특급,鉑,금박
반,6급Ⅱ,半,반(半)
반,6급Ⅱ,反,돌이킬
반,6급Ⅱ,班,나눌
반,3급Ⅱ,般,가지
반,3급Ⅱ,盤,소반
반,3급Ⅱ,飯,밥
반,3급,伴,짝
반,3급,叛,배반할
반,3급,返,돌이킬
반,2급,搬,옮길
반,2급,潘,성(姓)
반,2급,磻,반계(磻溪)
반,1급,槃,쟁반
반,1급,斑,아롱질
반,1급,礬,백반
반,1급,絆,얽어맬
반,1급,畔,밭두둑
반,1급,蟠,서릴
반,1급,頒,나눌
반,1급,攀,더위잡을
반,1급,拌,버릴
반,특급Ⅱ,瘢,흉터
반,특급Ⅱ,泮,얼음풀릴
반,특급Ⅱ,盼,눈예쁠
반,특급Ⅱ,磐,너럭바위
반,특급,鞶,가죽띠
반,특급,胖,살찔
발,6급Ⅱ,發,필
발,4급,髮,터럭
발,3급Ⅱ,拔,뽑을
발,2급,渤,바다이름
발,2급,鉢,바리때
발,1급,跋,밟을
발,1급,勃,노할
발,1급,魃,가물
발,1급,醱,술괼
발,1급,潑,물뿌릴
발,1급,撥,다스릴
발,특급,茇,풀뿌리
발,특급,浡,우쩍일어날
발,특급,軷,길제사
방,7급Ⅱ,方,모棱
방,6급Ⅱ,放,놓을
방,4급Ⅱ,防,막을
방,4급Ⅱ,房,방
방,4급Ⅱ,訪,찾을
방,4급,妨,방해할
방,3급Ⅱ,芳,꽃다울
방,3급,倣,본뜰
방,3급,傍,곁
방,3급,邦,나라
방,2급,紡,길쌈
방,2급,旁,곁
방,2급,龐,높은집
방,1급,彷,헤맬
방,1급,尨,삽살개
방,1급,謗,헐뜯을
방,1급,坊,동네
방,1급,膀,오줌통
방,1급,幇,도울
방,1급,昉,밝을
방,1급,肪,기름
방,1급,榜,방(榜)붙일
방,1급,枋,다목
방,특급Ⅱ,蒡,우엉
방,특급Ⅱ,滂,비퍼부을
방,특급Ⅱ,磅,돌떨어지는소리
방,특급Ⅱ,舫,쌍배
방,특급Ⅱ,蚌,조개
방,특급,厖,클
방,특급,雱,눈내릴
방,특급,逄,막을
방,특급,魴,방어
방,특급,幫,도울
배,5급,倍,곱
배,4급Ⅱ,拜,절
배,4급Ⅱ,背,등
배,4급Ⅱ,配,나눌
배,3급Ⅱ,輩,무리
배,3급Ⅱ,培,북돋울
배,3급Ⅱ,排,밀칠
배,3급,杯,잔
배,2급,賠,물어줄
배,2급,俳,배우
배,2급,裵,성(姓)
배,1급,陪,모실
배,1급,胚,아기밸
배,1급,湃,물결칠
배,1급,徘,어정거릴
배,특급Ⅱ,裴,성裵
배,특급Ⅱ,盃,잔杯
배,특급Ⅱ,褙,배자
배,특급Ⅱ,焙,불쬘
배,특급,桮,술잔
백,8급,白,흰
백,7급,百,일백
백,3급Ⅱ,伯,맏
백,2급,柏,측백
백,1급,魄,넋
백,1급,帛,비단
백,특급Ⅱ,栢,측백柏
백,특급Ⅱ,佰,우두머리
번,6급,番,차례
번,3급Ⅱ,繁,번성할
번,3급,飜,번역할
번,3급,煩,번거로울
번,1급,藩,울타리
번,1급,蕃,불을
번,특급Ⅱ,樊,울
번,특급Ⅱ,燔,구울
번,특급Ⅱ,幡,기
번,특급,翻,날
번,특급,蘩,흰쑥
번,특급,袢,속옷
번,특급,墦,무덤
벌,4급Ⅱ,罰,벌할
벌,4급Ⅱ,伐,칠討
벌,2급,閥,문벌
벌,2급,筏,뗏목
범,4급,犯,범할
범,4급,範,법
범,3급Ⅱ,凡,무릇
범,2급,汎,넓을
범,2급,范,성(姓)
범,1급,帆,돛
범,1급,梵,불경
범,1급,氾,넘칠
범,1급,泛,뜰
범,특급,杋,나무이름
법,5급Ⅱ,法,법
법,특급Ⅱ,琺,법랑
벽,4급Ⅱ,壁,벽
벽,3급Ⅱ,碧,푸를
벽,2급,僻,궁벽할
벽,1급,癖,버릇
벽,1급,劈,쪼갤
벽,1급,闢,열
벽,1급,擘,엄지손가락
벽,1급,璧,구슬
벽,특급Ⅱ,霹,벼락
벽,특급Ⅱ,蘗,황경나무
벽,특급Ⅱ,檗,황벽나무
벽,특급,辟,물리칠
벽,특급,甓,벽돌
변,5급Ⅱ,變,변할
변,4급Ⅱ,邊,가側
변,4급,辯,말씀
변,3급,辨,분별할
변,2급,弁,고깔
변,2급,卞,성(姓)
변,특급Ⅱ,騈,쌍말
변,특급,籩,제기이름
변,특급,釆,나눌
별,6급,別,다를
별,1급,鼈,자라
별,1급,瞥,눈깜짝할
별,특급Ⅱ,鱉,자라鼈
병,6급,病,병
병,5급Ⅱ,兵,병사
병,3급Ⅱ,丙,남녘
병,3급,竝,나란히
병,3급,屛,병풍
병,2급,倂,아우를
병,2급,昺,밝을
병,2급,昞,밝을
병,2급,秉,잡을
병,2급,柄,자루
병,2급,炳,불꽃
병,1급,甁,병
병,1급,餠,떡
병,특급Ⅱ,棅,자루柄
병,특급Ⅱ,幷,아우를
병,특급Ⅱ,輧,수레
병,특급,荓,풀이름
병,특급,怲,근심할
병,특급,迸,흩어질
병,특급,缾,병
보,4급Ⅱ,保,지킬
보,4급Ⅱ,步,걸음
보,4급Ⅱ,報,갚을
보,4급Ⅱ,寶,보배
보,4급,普,넓을
보,3급Ⅱ,譜,족보
보,3급Ⅱ,補,기울
보,2급,甫,클
보,2급,輔,도울
보,2급,潽,물이름
보,1급,菩,보살
보,1급,堡,작은성
보,1급,洑,보
보,특급Ⅱ,褓,포대기
보,특급Ⅱ,湺,사람이름
보,특급Ⅱ,珤,보배寶
보,특급,鴇,너새
보,특급,黼,수놓은옷
복,6급,服,옷
복,5급Ⅱ,福,복
복,4급Ⅱ,復,회복할
복,4급,伏,엎드릴
복,4급,複,겹칠
복,3급Ⅱ,覆,덮을
복,3급Ⅱ,腹,배
복,3급,卜,점
복,2급,馥,향기
복,1급,鰒,전복
복,1급,僕,종
복,1급,匐,길
복,1급,輻,바퀴살
복,특급Ⅱ,輹,바퀴통
복,특급Ⅱ,宓,성(姓)
복,특급Ⅱ,蔔,무
복,특급Ⅱ,茯,복령
복,특급,濮,물이름
복,특급,楅,뿔막이
복,특급,葍,순무
복,특급,扑,칠
복,특급,鍑,솥
본,6급,本,근본
볼,특급Ⅱ,乶,땅이름
봉,5급Ⅱ,奉,받들
봉,3급Ⅱ,鳳,봉새
봉,3급Ⅱ,封,봉할
봉,3급Ⅱ,峯,봉우리
봉,3급Ⅱ,逢,만날
봉,3급,蜂,벌
봉,2급,俸,녹(祿)
봉,2급,縫,꿰맬
봉,2급,蓬,쑥
봉,1급,鋒,칼날
봉,1급,烽,봉화
봉,1급,捧,받들
봉,1급,棒,막대
봉,특급Ⅱ,琫,칼장식
봉,특급Ⅱ,峰,멧부리
봉,특급Ⅱ,熢,내자옥할
봉,특급,菶,풀우거질
봉,특급,丰,예쁠
봉,특급,唪,크게웃을
봉,특급,葑,순무
봉,특급,芃,풀무성할
부,8급,父,아비
부,7급,夫,지아비
부,6급Ⅱ,部,떼
부,4급Ⅱ,府,마을官廳
부,4급Ⅱ,富,부자
부,4급Ⅱ,副,버금
부,4급Ⅱ,婦,며느리
부,4급,否,아닐
부,4급,負,질荷
부,3급Ⅱ,符,부호
부,3급Ⅱ,付,부칠
부,3급Ⅱ,浮,뜰
부,3급Ⅱ,賦,부세
부,3급Ⅱ,腐,썩을
부,3급Ⅱ,附,붙을
부,3급Ⅱ,簿,문서
부,3급Ⅱ,扶,도울
부,3급,赴,다다를趨而至
부,2급,敷,펼
부,2급,膚,살갗
부,2급,傅,스승
부,2급,釜,가마鬴
부,2급,阜,언덕
부,1급,賻,부의
부,1급,駙,부마
부,1급,訃,부고
부,1급,芙,연꽃
부,1급,腑,육부(六腑)
부,1급,斧,도끼
부,1급,埠,부두
부,1급,咐,분부할
부,1급,剖,쪼갤
부,1급,俯,구부릴
부,1급,孵,알깔
부,특급Ⅱ,孚,믿을
부,특급Ⅱ,鳧,물오리
부,특급Ⅱ,趺,가부좌할
부,특급Ⅱ,艀,거룻배
부,특급Ⅱ,溥,넓을
부,특급Ⅱ,缶,장군
부,특급Ⅱ,莩,갈청
부,특급,祔,합장할
부,특급,拊,어루만질
부,특급,痡,앓을
부,특급,紑,옷깨끗할
부,특급,鈇,작두
부,특급,裒,모을
부,특급,蜉,하루살이
부,특급,芣,질경이
부,특급,鮒,붕어
부,특급,掊,헤칠
부,특급,罦,덮을
부,특급,俘,사로잡을
부,특급,桴,대마루
북,8급,北,북녘
분,6급Ⅱ,分,나눌
분,4급,粉,가루
분,4급,憤,분할
분,3급Ⅱ,奔,달릴
분,3급Ⅱ,奮,떨칠
분,3급Ⅱ,紛,어지러울
분,3급,墳,무덤
분,2급,芬,향기
분,1급,扮,꾸밀
분,1급,雰,눈날릴
분,1급,盆,동이
분,1급,焚,불사를
분,1급,吩,분부할
분,1급,噴,뿜을
분,1급,忿,성낼
분,1급,糞,똥
분,특급Ⅱ,昐,햇빛
분,특급Ⅱ,汾,물이름
분,특급Ⅱ,賁,클
분,특급,幩,재갈장식
분,특급,鼖,큰북
분,특급,饙,찐밥
분,특급,苯,우거질
분,특급,蕡,열매많을
분,특급,濆,물가
분,특급,棼,어지러울
분,특급,枌,흰느릅나무
분,특급,豶,불깐去勢돼지
불,7급Ⅱ,不,아닐
불,4급Ⅱ,佛,부처
불,3급Ⅱ,拂,떨칠
불,2급,弗,아닐
불,1급,彿,비슷할
불,특급,紼,인끈
불,특급,咈,어길
불,특급,紱,인끈
불,특급,笰,수레가리개
불,특급,巿,슬갑
불,특급,黻,슬갑
불,특급,茀,우거질
불,특급,艴,성발끈낼
불,특급,芾,슬갑
붕,3급,崩,무너질
붕,3급,朋,벗
붕,2급,鵬,새
붕,1급,棚,사다리
붕,1급,硼,붕사(硼砂)
붕,1급,繃,묶을
비,5급,比,견줄
비,5급,費,쓸
비,5급,鼻,코
비,4급Ⅱ,飛,날
비,4급Ⅱ,備,갖출
비,4급Ⅱ,非,아닐
비,4급Ⅱ,悲,슬플
비,4급,批,비평할
비,4급,祕,숨길
비,4급,碑,비석
비,3급Ⅱ,妃,왕비
비,3급Ⅱ,婢,계집종
비,3급Ⅱ,肥,살찔
비,3급Ⅱ,卑,낮을
비,2급,匪,비적
비,2급,泌,분비할
비,2급,丕,클
비,2급,毖,삼갈
비,2급,毘,도울
비,1급,誹,헐뜯을
비,1급,砒,비상
비,1급,妣,죽은어미
비,1급,鄙,더러울
비,1급,譬,비유할
비,1급,裨,도울
비,1급,臂,팔
비,1급,脾,지라
비,1급,翡,물총새
비,1급,扉,사립문
비,1급,秕,쭉정이
비,1급,痺,저릴
비,1급,琵,비파
비,1급,沸,끓을
비,1급,憊,고단할
비,1급,匕,비수
비,1급,蜚,바퀴
비,1급,庇,덮을
비,1급,緋,비단
비,특급Ⅱ,斐,아롱질
비,특급Ⅱ,榧,비자나무
비,특급Ⅱ,枇,비파나무
비,특급Ⅱ,粃,쭉정이
비,특급Ⅱ,菲,엷을
비,특급Ⅱ,秘,숨길祕
비,특급Ⅱ,毗,도울
비,특급,閟,닫을
비,특급,剕,발벨
비,특급,圮,무너질
비,특급,埤,더할
비,특급,庳,낮을
비,특급,悱,분할
비,특급,棐,도지개
비,특급,淠,물이름
비,특급,紕,꾸밀
비,특급,腓,장딴지
비,특급,俾,하여금
비,특급,轡,고삐
비,특급,痹,저릴
비,특급,霏,눈펄펄내릴
비,특급,騑,곁마
비,특급,伾,힘셀
비,특급,奰,장대할
비,특급,岯,산겹칠
비,특급,朏,초승달
비,특급,畀,줄
비,특급,秠,검은기장
비,특급,篚,대광주리
비,특급,鞞,마상북
비,특급,駓,황부루
비,특급,貔,맹수이름
비,특급,羆,곰
비,특급,仳,떠날
빈,4급Ⅱ,貧,가난할
빈,3급,賓,손
빈,3급,頻,자주
빈,2급,彬,빛날
빈,1급,殯,빈소
빈,1급,濱,물가
빈,1급,嬪,궁녀벼슬이름
빈,1급,嚬,찡그릴
빈,1급,瀕,물가
빈,특급Ⅱ,檳,빈랑나무
빈,특급Ⅱ,浜,물가
빈,특급Ⅱ,牝,암컷
빈,특급Ⅱ,玭,진주
빈,특급Ⅱ,斌,빛날
빈,특급,繽,어지러울
빈,특급,邠,나라이름
빈,특급,璸,옥의무늬
빈,특급,儐,인도할
빈,특급,擯,물리칠
빈,특급,鬢,살쩍
빈,특급,豳,나라이름
빈,특급,蠙,진주조개
빈,특급,蘋,마름
빙,5급,氷,얼음
빙,3급,聘,부를
빙,2급,馮,탈乘
빙,1급,憑,비길依
빙,특급Ⅱ,騁,달릴
사,8급,四,넉
사,7급Ⅱ,事,일
사,6급Ⅱ,社,모일
사,6급,使,하여금
사,6급,死,죽을
사,5급Ⅱ,史,사기(史記)
사,5급Ⅱ,士,선비
사,5급Ⅱ,仕,섬길
사,5급,寫,베낄
사,5급,思,생각
사,5급,査,조사할
사,4급Ⅱ,寺,절
사,4급Ⅱ,師,스승
사,4급Ⅱ,謝,사례할
사,4급Ⅱ,舍,집
사,4급,辭,말씀
사,4급,私,사사(私事)
사,4급,絲,실
사,4급,射,쏠
사,3급Ⅱ,邪,간사할
사,3급Ⅱ,沙,모래
사,3급Ⅱ,司,맡을
사,3급Ⅱ,蛇,긴뱀
사,3급Ⅱ,斜,비낄
사,3급Ⅱ,詞,말
사,3급Ⅱ,祀,제사
사,3급,巳,뱀
사,3급,捨,버릴
사,3급,斯,이
사,3급,詐,속일
사,3급,賜,줄
사,3급,似,닮을
사,2급,赦,용서할
사,2급,飼,기를
사,2급,唆,부추길
사,2급,泗,물이름
사,1급,些,적을
사,1급,麝,사향노루
사,1급,祠,사당
사,1급,紗,비단
사,1급,嗣,이을
사,1급,奢,사치할
사,1급,娑,춤출
사,1급,徙,옮길
사,1급,瀉,쏟을
사,1급,獅,사자
사,1급,蓑,도롱이
사,특급Ⅱ,篩,체
사,특급Ⅱ,肆,방자할
사,특급Ⅱ,俟,기다릴
사,특급Ⅱ,渣,찌끼
사,특급Ⅱ,梭,북織具
사,특급Ⅱ,柶,숟가락
사,특급Ⅱ,僿,잘게부술
사,특급Ⅱ,裟,가사(袈裟)
사,특급Ⅱ,砂,모래
사,특급Ⅱ,乍,잠깐
사,특급Ⅱ,莎,사초
사,특급Ⅱ,伺,엿볼
사,특급Ⅱ,駟,사마(駟馬)
사,특급,鯊,상어
사,특급,耜,따비
사,특급,笥,옷상자
사,특급,戺,문지방
사,특급,涘,물가
사,특급,簑,도롱이
사,특급,傞,취한춤
사,특급,汜,늪
사,특급,榭,정자
사,특급,糸,실
사,특급,葸,겁낼
사,특급,蓰,다섯곱
사,특급,蹝,천천히걸을
삭,3급Ⅱ,削,깎을
삭,3급,朔,초하루
삭,특급,鑠,쇠녹일
산,8급,山,메
산,7급,算,셈
산,5급Ⅱ,産,낳을
산,4급,散,흩을
산,2급,傘,우산
산,2급,酸,실味覺
산,1급,疝,산증(疝症)
산,1급,珊,산호
산,1급,刪,깎을
산,특급Ⅱ,汕,오구
산,특급Ⅱ,蒜,마늘
산,특급Ⅱ,霰,싸락눈
산,특급,潸,눈물줄줄흘릴
살,4급Ⅱ,殺,죽일
살,1급,撒,뿌릴
살,1급,煞,죽일
살,1급,薩,보살
살,특급Ⅱ,乷,땅이름
삼,8급,三,석
삼,3급Ⅱ,森,수풀
삼,2급,蔘,삼
삼,1급,滲,스밀
삼,특급Ⅱ,衫,적삼
삼,특급Ⅱ,杉,삼나무
삼,특급Ⅱ,芟,풀벨
삽,2급,揷,꽂을
삽,1급,澁,떫을
삽,특급Ⅱ,鈒,새길
삽,특급Ⅱ,颯,바람소리
삽,특급,歃,마실
상,7급Ⅱ,上,윗
상,5급Ⅱ,商,장사
상,5급Ⅱ,相,서로
상,5급,賞,상줄
상,4급Ⅱ,常,떳떳할
상,4급Ⅱ,床,상
상,4급Ⅱ,想,생각
상,4급Ⅱ,狀,형상
상,4급,傷,다칠
상,4급,象,코끼리
상,3급Ⅱ,霜,서리
상,3급Ⅱ,裳,치마
상,3급Ⅱ,桑,뽕나무
상,3급Ⅱ,喪,잃을
상,3급Ⅱ,詳,자세할
상,3급Ⅱ,尙,오히려
상,3급Ⅱ,像,모양
상,3급Ⅱ,償,갚을
상,3급,祥,상서
상,3급,嘗,맛볼
상,2급,箱,상자
상,2급,庠,학교
상,1급,爽,시원할
상,1급,翔,날飛
상,1급,觴,잔
상,1급,孀,홀어미
상,특급Ⅱ,牀,평상床
상,특급Ⅱ,峠,고개
상,특급Ⅱ,橡,상수리
상,특급Ⅱ,廂,곁채
상,특급Ⅱ,湘,물이름
상,특급,鱨,자가사리
상,특급,塽,높고밝은땅
상,특급,殤,어려서죽을
상,특급,顙,이마
새,1급,璽,옥새(玉璽)
새,특급Ⅱ,賽,굿할
색,7급,色,빛
색,3급Ⅱ,索,찾을
색,3급Ⅱ,塞,막힐
색,1급,嗇,아낄
색,특급Ⅱ,穡,거둘
생,8급,生,날
생,1급,牲,희생
생,1급,甥,생질
생,특급Ⅱ,笙,생황
생,특급,眚,재앙
서,8급,西,서녘
서,6급Ⅱ,書,글
서,5급,序,차례
서,3급Ⅱ,恕,용서할
서,3급Ⅱ,緖,실마리
서,3급Ⅱ,徐,천천할
서,3급Ⅱ,署,마을官廳
서,3급,暑,더울
서,3급,敍,펼
서,3급,逝,갈往
서,3급,庶,여러
서,3급,誓,맹세할
서,2급,瑞,상서
서,2급,舒,펼
서,1급,抒,풀
서,1급,棲,깃들일
서,1급,犀,무소
서,1급,胥,서로
서,1급,薯,감자
서,1급,黍,기장
서,1급,嶼,섬
서,1급,曙,새벽
서,1급,鼠,쥐
서,1급,壻,사위
서,특급Ⅱ,絮,솜
서,특급Ⅱ,筮,점대
서,특급Ⅱ,栖,깃들일棲
서,특급Ⅱ,鋤,호미
서,특급Ⅱ,墅,농막
서,특급Ⅱ,捿,깃들일
서,특급,鱮,연어
서,특급,噬,씹을
서,특급,婿,사위
서,특급,湑,이슬맺힐
서,특급,澨,물가
서,특급,紓,늘어질
서,특급,諝,슬기
서,특급,癙,근심병
서,특급,藇,아름다울
석,7급,夕,저녁
석,6급,席,자리
석,6급,石,돌
석,3급Ⅱ,惜,아낄
석,3급Ⅱ,釋,풀
석,3급,昔,예古
석,3급,析,쪼갤
석,2급,碩,클
석,2급,錫,주석
석,2급,奭,클
석,2급,晳,밝을
석,1급,潟,개펄
석,특급Ⅱ,蓆,클
석,특급Ⅱ,汐,조수
석,특급Ⅱ,淅,쌀일
석,특급,鼫,다람쥐
석,특급,螫,쏠
석,특급,裼,벗어맬
석,특급,腊,육포
석,특급,鉐,놋쇠
석,특급,舃,신
선,8급,先,먼저
선,6급Ⅱ,線,줄
선,5급Ⅱ,鮮,고울
선,5급Ⅱ,仙,신선
선,5급,善,착할
선,5급,選,가릴
선,5급,船,배
선,4급,宣,베풀
선,3급Ⅱ,禪,선
선,3급Ⅱ,旋,돌廻
선,2급,繕,기울
선,2급,璇,옥
선,2급,瑄,도리옥
선,2급,璿,구슬
선,1급,煽,부채질할
선,1급,銑,무쇠
선,1급,膳,선물
선,1급,羨,부러워할
선,1급,扇,부채
선,1급,腺,샘
선,특급Ⅱ,詵,말전할
선,특급Ⅱ,僊,춤훨훨출
선,특급Ⅱ,鐥,대야
선,특급Ⅱ,琁,옥
선,특급Ⅱ,蟬,매미
선,특급Ⅱ,蘚,이끼
선,특급Ⅱ,饍,반찬膳
선,특급Ⅱ,癬,버짐
선,특급Ⅱ,嬋,고울
선,특급Ⅱ,跣,맨발
선,특급Ⅱ,渲,바림
선,특급Ⅱ,敾,사람이름
선,특급,墡,흰흙
선,특급,愃,상쾌할
선,특급,僎,갖출
선,특급,墠,제터
선,특급,毨,털갈
선,특급,珗,옥돌
설,6급Ⅱ,雪,눈
설,5급Ⅱ,說,말씀
설,4급Ⅱ,設,베풀
설,4급,舌,혀
설,2급,薛,성(姓)
설,2급,卨,사람이름
설,1급,屑,가루
설,1급,泄,샐
설,1급,洩,샐
설,1급,渫,파낼
설,특급Ⅱ,齧,깨물
설,특급Ⅱ,褻,무람없을
설,특급Ⅱ,楔,문설주
설,특급,暬,설만할
설,특급,偰,맑을
설,특급,紲,고삐
설,특급,挈,끌
설,특급,絏,맬
섬,2급,纖,가늘
섬,2급,陝,땅이름
섬,2급,蟾,두꺼비
섬,2급,暹,햇살치밀
섬,1급,閃,번쩍일
섬,1급,殲,다죽일
섬,특급Ⅱ,贍,넉넉할
섬,특급,憸,아첨할
섭,3급,攝,다스릴
섭,3급,涉,건널
섭,2급,燮,불꽃
섭,특급,韘,깍지
성,7급Ⅱ,姓,성
성,6급Ⅱ,成,이룰
성,6급Ⅱ,省,살필
성,5급Ⅱ,性,성품
성,4급Ⅱ,誠,정성
성,4급Ⅱ,聲,소리
성,4급Ⅱ,盛,성할
성,4급Ⅱ,聖,성인
성,4급Ⅱ,城,재
성,4급Ⅱ,星,별
성,2급,晟,밝을
성,1급,醒,깰
성,특급Ⅱ,惺,깨달을
성,특급Ⅱ,腥,비릴
성,특급Ⅱ,珹,옥이름
성,특급Ⅱ,宬,서고
성,특급Ⅱ,猩,성성이
성,특급Ⅱ,筬,바디
성,특급,瑆,옥빛
성,특급,騂,붉은소
성,특급,娍,아름다울
세,7급Ⅱ,世,인간
세,5급Ⅱ,洗,씻을
세,5급Ⅱ,歲,해
세,4급Ⅱ,勢,형세
세,4급Ⅱ,稅,세금
세,4급Ⅱ,細,가늘
세,2급,貰,세놓을
세,특급Ⅱ,笹,가는대細竹
세,특급,帨,수건
소,8급,小,작을
소,7급,少,적을
소,7급,所,바
소,6급Ⅱ,消,사라질
소,4급Ⅱ,笑,웃음
소,4급Ⅱ,掃,쓸掃除
소,4급Ⅱ,素,본디
소,3급Ⅱ,訴,호소할
소,3급Ⅱ,燒,사를
소,3급Ⅱ,疏,소통할
소,3급Ⅱ,蘇,되살아날
소,3급,召,부를
소,3급,昭,밝을
소,3급,蔬,나물
소,3급,騷,떠들
소,2급,紹,이을
소,2급,沼,못
소,2급,巢,새집
소,2급,邵,땅이름
소,1급,簫,퉁소
소,1급,塑,흙빚을
소,1급,遡,거스를
소,1급,逍,노닐
소,1급,蕭,쓸쓸할
소,1급,瘙,피부병
소,1급,疎,성길
소,1급,甦,깨어날
소,1급,梳,얼레빗
소,1급,宵,밤夜
소,1급,搔,긁을
소,특급Ⅱ,嘯,휘파람
소,특급Ⅱ,瀟,물이름
소,특급Ⅱ,銷,쇠녹일
소,특급Ⅱ,溯,거슬러올라갈
소,특급Ⅱ,篠,조릿대
소,특급Ⅱ,韶,풍류
소,특급Ⅱ,炤,밝을
소,특급,愬,하소연할
소,특급,艘,배
소,특급,蛸,갈거미
소,특급,玿,아름다운옥
소,특급,埽,쓸
소,특급,翛,날개소리
소,특급,繅,고치켤
소,특급,蠨,갈거미
소,특급,霄,하늘
소,특급,愫,정성
소,특급,慅,소란스러울
소,특급,柖,나무흔들릴
속,6급,速,빠를
속,5급Ⅱ,束,묶을
속,4급Ⅱ,續,이을
속,4급Ⅱ,俗,풍속
속,4급,屬,붙일
속,3급,粟,조
속,1급,贖,속죄할
속,특급Ⅱ,涑,물이름
속,특급Ⅱ,謖,일어날
속,특급,餗,삶은나물
속,특급,樕,참나무
속,특급,蔌,푸성귀
속,특급,觫,곱송그릴
속,특급,藚,쇠귀나물
손,6급,孫,손자
손,4급,損,덜
손,1급,遜,겸손할
손,특급Ⅱ,蓀,향풀
손,특급Ⅱ,巽,부드러울
손,특급Ⅱ,飡,밥
손,특급,飱,저녁밥
손,특급,飧,저녁밥
솔,특급,蟀,귀뚜라미
송,4급Ⅱ,送,보낼
송,4급,頌,기릴
송,4급,松,소나무
송,3급Ⅱ,訟,송사할
송,3급,誦,욀
송,2급,宋,성(姓)
송,1급,悚,두려울
송,특급Ⅱ,淞,물이름
송,특급,竦,공경할
쇄,3급Ⅱ,鎖,쇠사슬
쇄,3급Ⅱ,刷,인쇄할
쇄,1급,碎,부술
쇄,1급,灑,뿌릴
쇄,특급,洒,뿌릴
쇄,특급,瑣,옥가루
쇠,3급Ⅱ,衰,쇠할
쇠,특급Ⅱ,釗,쇠
수,8급,水,물
수,7급Ⅱ,手,손
수,7급,數,셈
수,6급,樹,나무
수,5급Ⅱ,首,머리
수,4급Ⅱ,修,닦을
수,4급Ⅱ,受,받을
수,4급Ⅱ,守,지킬
수,4급Ⅱ,授,줄
수,4급Ⅱ,收,거둘
수,4급,秀,빼어날
수,3급Ⅱ,愁,근심
수,3급Ⅱ,壽,목숨
수,3급Ⅱ,帥,장수
수,3급Ⅱ,殊,다를
수,3급Ⅱ,輸,보낼
수,3급Ⅱ,隨,따를
수,3급Ⅱ,需,쓰일
수,3급Ⅱ,垂,드리울
수,3급Ⅱ,獸,짐승
수,3급,睡,졸음
수,3급,須,모름지기
수,3급,雖,비록
수,3급,誰,누구
수,3급,搜,찾을
수,3급,囚,가둘
수,3급,遂,드디어
수,2급,銖,저울눈
수,2급,隋,수나라
수,2급,洙,물가
수,1급,蒐,모을
수,1급,嫂,형수
수,1급,戍,수자리
수,1급,髓,뼛골
수,1급,酬,갚을
수,1급,袖,소매
수,1급,羞,부끄러울
수,1급,狩,사냥할
수,1급,繡,수놓을
수,1급,粹,순수할
수,1급,竪,세울
수,1급,穗,이삭
수,1급,瘦,여윌
수,1급,讎,원수
수,특급Ⅱ,蓚,수산
수,특급Ⅱ,綬,인끈
수,특급Ⅱ,綏,편안할
수,특급Ⅱ,琇,옥돌
수,특급Ⅱ,鬚,수염
수,특급Ⅱ,漱,양치할
수,특급Ⅱ,峀,산굴岫
수,특급Ⅱ,銹,쇳녹날
수,특급Ⅱ,嗽,기침할
수,특급Ⅱ,邃,깊을
수,특급Ⅱ,璲,패옥
수,특급Ⅱ,藪,숲
수,특급Ⅱ,隧,길路
수,특급Ⅱ,讐,원수
수,특급Ⅱ,燧,봉화
수,특급Ⅱ,茱,수유
수,특급Ⅱ,岫,산굴
수,특급Ⅱ,脩,길長
수,특급,魗,미워할
수,특급,叟,늙은이
수,특급,售,팔
수,특급,廋,숨길
수,특급,殳,창
수,특급,濉,물이름
수,특급,睟,바로볼
수,특급,瞍,소경
수,특급,豎,세울
수,특급,檖,산배
수,특급,繻,고운비단
수,특급,穟,벼이삭
숙,5급Ⅱ,宿,잘
숙,4급,叔,아재비
숙,4급,肅,엄숙할
숙,3급Ⅱ,淑,맑을
숙,3급Ⅱ,熟,익을
숙,3급,孰,누구
숙,1급,夙,이를
숙,1급,菽,콩
숙,1급,塾,글방
숙,특급Ⅱ,琡,옥이름
숙,특급Ⅱ,璹,옥그릇
숙,특급Ⅱ,潚,물맑을
숙,특급,橚,무성할
숙,특급,俶,비롯할
순,5급Ⅱ,順,순할
순,4급Ⅱ,純,순수할
순,3급Ⅱ,旬,열흘
순,3급Ⅱ,瞬,눈깜짝일
순,3급Ⅱ,巡,돌廻
순,3급,循,돌環
순,3급,殉,따라죽을
순,3급,脣,입술
순,2급,盾,방패
순,2급,舜,순임금
순,2급,珣,옥이름
순,2급,淳,순박할
순,2급,洵,참으로
순,2급,荀,풀이름
순,1급,醇,전국술
순,1급,筍,죽순
순,1급,馴,길들일
순,특급Ⅱ,詢,물을
순,특급Ⅱ,錞,악기이름
순,특급Ⅱ,徇,부릴
순,특급Ⅱ,恂,미쁠
순,특급Ⅱ,栒,나무이름
순,특급Ⅱ,楯,난간
순,특급Ⅱ,橓,무궁화나무
순,특급Ⅱ,蓴,순채
순,특급Ⅱ,諄,거듭이를
순,특급Ⅱ,蕣,무궁화
순,특급,漘,물가
순,특급,犉,입술검은누렁소
순,특급,肫,광대뼈
순,특급,郇,나라이름
순,특급,鶉,메추리
술,6급Ⅱ,術,재주
술,3급Ⅱ,述,펼
술,3급,戌,개
술,특급Ⅱ,鉥,돗바늘
숭,4급,崇,높을
숭,특급Ⅱ,嵩,산높을
숭,특급Ⅱ,崧,산높을
슬,2급,瑟,큰거문고
슬,1급,膝,무릎
슬,특급Ⅱ,蝨,이
슬,특급,璱,아름다운옥
습,6급,習,익힐
습,3급Ⅱ,濕,젖을
습,3급Ⅱ,拾,주울
습,3급Ⅱ,襲,엄습할
습,특급Ⅱ,褶,사마치
습,특급,隰,진펄
습,특급,熠,빛날
승,6급,勝,이길
승,4급Ⅱ,承,이을
승,3급Ⅱ,乘,탈
승,3급Ⅱ,昇,오를
승,3급Ⅱ,僧,중
승,2급,升,되
승,2급,繩,노끈
승,1급,丞,정승
승,특급Ⅱ,陞,오를
승,특급Ⅱ,蠅,파리
시,7급Ⅱ,時,때
시,7급Ⅱ,市,저자
시,6급Ⅱ,始,비로소
시,5급,示,보일
시,4급Ⅱ,詩,시
시,4급Ⅱ,試,시험
시,4급Ⅱ,視,볼
시,4급Ⅱ,施,베풀
시,4급Ⅱ,是,이斯
시,3급Ⅱ,侍,모실
시,3급,矢,화살
시,2급,屍,주검
시,2급,柴,섶薪
시,1급,柿,감
시,1급,匙,숟가락
시,1급,媤,시집
시,1급,弑,윗사람죽일
시,1급,猜,시기할
시,1급,諡,시호
시,1급,豺,승냥이
시,특급Ⅱ,豕,돼지
시,특급Ⅱ,恃,믿을
시,특급Ⅱ,翅,날개
시,특급Ⅱ,蒔,모종할
시,특급Ⅱ,蓍,시초
시,특급Ⅱ,尸,주검
시,특급Ⅱ,嘶,말울
시,특급Ⅱ,屎,똥
시,특급,諟,다스릴
시,특급,枲,수삼
시,특급,塒,홰
시,특급,啻,뿐
시,특급,兕,외뿔소
시,특급,偲,힘쓸
시,특급,鳲,뻐꾸기
시,특급,釃,술거를
시,특급,緦,시마(緦麻)
식,7급Ⅱ,食,밥
식,7급,植,심을
식,6급,式,법
식,5급Ⅱ,識,알
식,4급Ⅱ,息,쉴
식,3급Ⅱ,飾,꾸밀
식,2급,殖,불릴
식,2급,軾,수레가로나무
식,2급,湜,물맑을
식,1급,熄,불꺼질
식,1급,蝕,좀먹을
식,1급,拭,씻을
식,특급Ⅱ,寔,이(是)
식,특급Ⅱ,篒,땅이름
식,특급Ⅱ,埴,찰흙
식,특급,栻,점치는판
신,6급Ⅱ,身,몸
신,6급Ⅱ,神,귀신
신,6급Ⅱ,信,믿을
신,6급Ⅱ,新,새
신,5급Ⅱ,臣,신하
신,4급Ⅱ,申,납猿
신,3급Ⅱ,愼,삼갈
신,3급,辛,매울
신,3급,伸,펼
신,3급,晨,새벽
신,2급,紳,띠帶
신,2급,腎,콩팥
신,1급,薪,섶
신,1급,迅,빠를
신,1급,蜃,큰조개
신,1급,燼,불탄끝
신,1급,宸,대궐
신,1급,娠,아이밸
신,1급,呻,읊조릴
신,1급,訊,물을
신,특급Ⅱ,侁,걷는모양
신,특급Ⅱ,莘,세신細辛
신,특급Ⅱ,藎,조개풀
신,특급,駪,많을
신,특급,贐,노자
신,특급,矧,하물며
신,특급,甡,수두룩할
신,특급,璶,옥돌
신,특급,哂,웃을
실,8급,室,집
실,6급,失,잃을
실,5급Ⅱ,實,열매
실,1급,悉,다
실,특급,蟋,귀뚜라미
심,7급,心,마음
심,4급Ⅱ,深,깊을
심,3급Ⅱ,甚,심할
심,3급Ⅱ,審,살필
심,3급,尋,찾을
심,2급,瀋,즙낼
심,특급Ⅱ,芯,골풀
심,특급Ⅱ,諶,믿을
심,특급Ⅱ,沁,스며들
심,특급,葚,오디
심,특급,諗,고할
십,8급,十,열
십,1급,什,열사람
쌍,3급Ⅱ,雙,두
씨,4급,氏,각시
아,5급Ⅱ,兒,아이
아,3급Ⅱ,雅,맑을
아,3급Ⅱ,我,나
아,3급Ⅱ,阿,언덕
아,3급Ⅱ,亞,버금
아,3급Ⅱ,芽,싹
아,3급Ⅱ,牙,어금니
아,3급,餓,주릴
아,1급,訝,의심할
아,1급,衙,마을官廳
아,1급,啞,벙어리
아,1급,俄,아까
아,특급Ⅱ,娥,예쁠
아,특급Ⅱ,峨,산높을
아,특급Ⅱ,莪,다북쑥
아,특급Ⅱ,蛾,누에나방
아,특급Ⅱ,鴉,갈까마귀
아,특급Ⅱ,鵝,거위
아,특급,迓,맞을
악,5급Ⅱ,惡,악할
악,3급,岳,큰산
악,2급,握,쥘
악,1급,堊,흰흙
악,1급,愕,놀랄
악,1급,顎,턱
악,특급Ⅱ,嶽,큰산岳
악,특급Ⅱ,渥,비젖을
악,특급Ⅱ,鰐,악어
악,특급Ⅱ,幄,장막(帳幕)
악,특급Ⅱ,鍔,칼날
악,특급Ⅱ,鄂,땅이름
악,특급Ⅱ,齷,악착할
악,특급,咢,깜짝놀랄
안,7급Ⅱ,安,편안
안,5급,案,책상
안,4급Ⅱ,眼,눈
안,3급Ⅱ,顔,낯
안,3급Ⅱ,岸,언덕
안,3급,雁,기러기
안,1급,晏,늦을
안,1급,鞍,안장
안,1급,按,누를
안,특급Ⅱ,鮟,아귀
안,특급,鴈,기러기
안,특급,犴,들개
알,3급,謁,뵐
알,2급,閼,막을
알,1급,斡,돌
알,1급,軋,삐걱거릴
알,특급,訐,들추어낼
알,특급,遏,막을
알,특급,頞,콧대
알,특급,歹,뼈앙상할
알,특급,戛,창
알,특급,揠,뽑을
암,4급Ⅱ,暗,어두울
암,3급Ⅱ,巖,바위
암,2급,癌,암
암,1급,闇,숨을
암,1급,庵,암자
암,특급Ⅱ,菴,암자
암,특급Ⅱ,岩,바위巖
암,특급Ⅱ,唵,움켜먹을
암,특급,黯,검을
압,4급Ⅱ,壓,누를
압,3급,押,누를
압,2급,鴨,오리
압,특급Ⅱ,狎,친압할
앙,3급Ⅱ,仰,우러를
앙,3급Ⅱ,央,가운데
앙,3급,殃,재앙
앙,1급,昂,높을
앙,1급,怏,원망할
앙,1급,秧,모
앙,1급,鴦,원앙
앙,특급Ⅱ,昻,높을昂
앙,특급,泱,물깊고넓을
앙,특급,盎,동이
앙,특급,鞅,가슴걸이
앙,특급,卬,나
애,6급,愛,사랑
애,3급Ⅱ,哀,슬플
애,3급,涯,물가
애,2급,礙,거리낄
애,2급,艾,쑥
애,2급,埃,티끌
애,1급,崖,언덕
애,1급,曖,희미할
애,1급,隘,좁을
애,1급,靄,아지랑이
애,특급Ⅱ,碍,거리낄礙
애,특급Ⅱ,厓,언덕
애,특급,餲,밥쉴
애,특급,藹,초목우거질
애,특급,僾,비슷할
액,4급Ⅱ,液,진
액,4급,額,이마
액,3급,厄,액
액,1급,扼,잡을
액,1급,腋,겨드랑이
액,1급,縊,목맬
액,특급Ⅱ,掖,낄
액,특급,頟,이마
액,특급,戹,좁을
액,특급,阨,막힐
앵,1급,櫻,앵두
앵,1급,鶯,꾀꼬리
앵,특급Ⅱ,罌,양병
앵,특급Ⅱ,鸚,앵무새
앵,특급,嚶,꾀꼬리소리
야,6급,夜,밤
야,6급,野,들坪
야,3급,也,이끼
야,3급,耶,어조사
야,2급,惹,이끌
야,2급,倻,가야
야,1급,揶,야유할
야,1급,冶,풀무
야,1급,爺,아비
야,특급Ⅱ,椰,야자나무
약,6급Ⅱ,弱,약할
약,6급Ⅱ,藥,약
약,5급Ⅱ,約,맺을
약,3급Ⅱ,若,같을
약,3급,躍,뛸
약,1급,葯,꽃밥
약,특급Ⅱ,蒻,부들
약,특급,瀹,데칠
약,특급,籥,피리
약,특급,禴,봄제사
양,6급,陽,볕
양,6급,洋,큰바다
양,5급Ⅱ,養,기를
양,4급Ⅱ,羊,양
양,4급,樣,모양
양,3급Ⅱ,讓,사양할
양,3급Ⅱ,壤,흙덩이
양,3급Ⅱ,揚,날릴
양,3급,楊,버들
양,2급,孃,아가씨
양,2급,襄,도울
양,1급,攘,물리칠
양,1급,恙,병
양,1급,釀,술빚을
양,1급,癢,가려울
양,1급,瘍,헐
양,특급Ⅱ,瀁,물깊을
양,특급Ⅱ,佯,거짓
양,특급Ⅱ,敭,날릴揚
양,특급Ⅱ,暘,해돋을
양,특급Ⅱ,禳,빌祈
양,특급Ⅱ,痒,가려울癢
양,특급Ⅱ,穰,볏줄기
양,특급Ⅱ,煬,녹일
양,특급,颺,날릴
양,특급,饟,건량
양,특급,昜,볕
양,특급,瀼,이슬많은모양
양,특급,漾,물출렁거릴
양,특급,鍚,말이마치장
어,7급,語,말씀
어,5급,漁,고기잡을
어,5급,魚,고기
어,3급Ⅱ,御,거느릴
어,3급,於,어조사
어,1급,圄,옥
어,1급,禦,막을
어,1급,瘀,어혈질
어,특급Ⅱ,齬,이어긋날
어,특급Ⅱ,馭,말부릴
어,특급,敔,막을
어,특급,饇,배부를
어,특급,飫,배부를
어,특급,圉,마부
억,5급,億,억數字
억,3급Ⅱ,憶,생각할
억,3급Ⅱ,抑,누를
억,1급,臆,가슴
억,특급Ⅱ,檍,참죽나무
억,특급,嶷,숙성할
언,6급,言,말씀
언,3급,焉,어찌
언,2급,彦,선비
언,1급,堰,둑
언,1급,諺,언문
언,특급Ⅱ,偃,쓰러질
언,특급,鰋,메기
언,특급,唁,위문할
얼,특급Ⅱ,蘖,싹
얼,특급Ⅱ,孼,서자
얼,특급,臬,문지방
얼,특급,孽,서자
얼,특급,臲,위태할
엄,4급,嚴,엄할
엄,1급,掩,가릴
엄,1급,奄,문득
엄,1급,儼,엄연할
엄,특급Ⅱ,淹,담글
엄,특급Ⅱ,俺,나
엄,특급,閹,고자
엄,특급,揜,가릴
엄,특급,渰,구름일
업,6급Ⅱ,業,업
업,특급Ⅱ,嶪,산높을
여,4급Ⅱ,餘,남을
여,4급Ⅱ,如,같을
여,4급,與,더불
여,3급,輿,수레
여,3급,汝,너
여,3급,余,나
여,3급,予,나
여,특급Ⅱ,璵,옥
여,특급Ⅱ,艅,배이름
여,특급Ⅱ,轝,수레輿
여,특급Ⅱ,歟,어조사
여,특급Ⅱ,茹,꼭두서니
여,특급Ⅱ,礖,돌
여,특급,旟,기
여,특급,鸒,갈까마귀
여,특급,洳,물이름
여,특급,畬,세해된밭
역,4급Ⅱ,逆,거스릴
역,4급,域,지경
역,4급,易,바꿀
역,3급Ⅱ,疫,전염병
역,3급Ⅱ,亦,또
역,3급Ⅱ,役,부릴
역,3급Ⅱ,譯,번역할
역,3급Ⅱ,驛,역
역,1급,繹,풀解
역,특급,鷊,칠면조
역,특급,鶂,거위소리
역,특급,罭,물고기그물
역,특급,埸,지경
역,특급,嶧,산이름
역,특급,棫,두릅나무
역,특급,晹,햇살약할
역,특급,淢,빨리흐를
역,특급,緎,혼솔
역,특급,懌,기뻐할
역,특급,閾,문지방
연,7급,然,그럴
연,4급Ⅱ,煙,연기
연,4급Ⅱ,硏,갈
연,4급Ⅱ,演,펼
연,4급,燃,탈
연,4급,鉛,납
연,4급,緣,인연
연,4급,延,늘일
연,3급Ⅱ,沿,물따라갈
연,3급Ⅱ,軟,연할
연,3급Ⅱ,宴,잔치
연,3급Ⅱ,燕,제비
연,2급,硯,벼루
연,2급,衍,넓을
연,2급,姸,고울
연,2급,淵,못
연,1급,鳶,솔개
연,1급,捐,버릴
연,1급,筵,대자리
연,1급,椽,서까래
연,특급Ⅱ,嚥,침삼킬
연,특급Ⅱ,縯,길
연,특급Ⅱ,烟,연기煙
연,특급Ⅱ,涓,졸졸흐를
연,특급Ⅱ,挻,당길
연,특급Ⅱ,堧,빈땅
연,특급Ⅱ,沇,물이름
연,특급Ⅱ,娟,예쁠
연,특급Ⅱ,涎,침
연,특급,醼,잔치
연,특급,蜎,벌레꿈틀거릴
연,특급,掾,아전
연,특급,悁,성낼
연,특급,兗,땅이름
열,5급,熱,더울
열,3급Ⅱ,悅,기쁠
열,3급,閱,볼覽
열,특급,噎,목멜
염,3급Ⅱ,染,물들
염,3급Ⅱ,鹽,소금
염,3급Ⅱ,炎,불꽃
염,2급,厭,싫어할
염,2급,閻,마을
염,1급,焰,불꽃
염,1급,艶,고울
염,특급Ⅱ,剡,날카로울
염,특급Ⅱ,琰,옥
염,특급Ⅱ,苒,풀우거질
염,특급Ⅱ,髥,구레나룻
염,특급,艷,고울
염,특급,饜,싫을
염,특급,焱,불꽃
염,특급,檿,산뽕나무
염,특급,燄,불당길
염,특급,冉,나아갈
엽,5급,葉,잎
엽,2급,燁,빛날
엽,특급Ⅱ,曄,빛날
엽,특급,饁,들밥먹일
엽,특급,爗,빛날
영,6급,英,꽃부리
영,6급,永,길
영,4급Ⅱ,榮,영화
영,4급,迎,맞을
영,4급,映,비칠
영,4급,營,경영할
영,3급Ⅱ,影,그림자
영,3급,詠,읊을
영,3급,泳,헤엄칠
영,2급,盈,찰滿
영,2급,瑛,옥빛
영,2급,暎,비칠
영,1급,嬰,어린아이
영,특급Ⅱ,渶,물이름
영,특급Ⅱ,濚,물졸졸흐를
영,특급Ⅱ,嶸,산가파를
영,특급Ⅱ,楹,기둥
영,특급Ⅱ,塋,무덤
영,특급Ⅱ,潁,물이름
영,특급Ⅱ,瀛,바다
영,특급Ⅱ,煐,빛날
영,특급Ⅱ,鍈,방울소리
영,특급Ⅱ,纓,갓끈
영,특급Ⅱ,瓔,옥돌
영,특급Ⅱ,瀯,물소리
영,특급Ⅱ,霙,진눈깨비
영,특급Ⅱ,穎,이삭
영,특급,咏,읊을
영,특급,嬴,가득할
영,특급,縈,얽힐
영,특급,贏,남을
영,특급,郢,땅이름
영,특급,攖,찌를
예,4급Ⅱ,藝,재주
예,4급,豫,미리
예,3급Ⅱ,譽,기릴
예,3급,銳,날카로울
예,2급,預,맡길
예,2급,芮,성(姓)
예,2급,睿,슬기
예,2급,濊,종족이름
예,1급,詣,이를至
예,1급,曳,끌
예,1급,穢,더러울
예,1급,裔,후손
예,특급Ⅱ,刈,벨
예,특급Ⅱ,乂,깎을
예,특급Ⅱ,霓,암무지개
예,특급Ⅱ,倪,어릴
예,특급Ⅱ,叡,밝을
예,특급Ⅱ,汭,물굽이
예,특급Ⅱ,蘂,꽃술蕊
예,특급Ⅱ,猊,사자
예,특급,瘞,묻을
예,특급,輗,멍에막이
예,특급,羿,사람이름
예,특급,橤,드리울
예,특급,堄,성가퀴
예,특급,勩,수고로울
예,특급,麑,사슴새끼
예,특급,鷖,갈매기
예,특급,蚋,모기
예,특급,蕊,꽃술
예,특급,翳,가릴
예,특급,睨,흘겨볼
예,특급,蓺,심을
오,8급,五,다섯
오,7급Ⅱ,午,낮
오,4급Ⅱ,誤,그르칠
오,3급Ⅱ,烏,까마귀
오,3급Ⅱ,悟,깨달을
오,3급,嗚,슬플
오,3급,娛,즐길
오,3급,吾,나
오,3급,傲,거만할
오,3급,汚,더러울
오,2급,梧,오동나무
오,2급,墺,물가
오,2급,吳,성(姓)
오,1급,奧,깊을
오,1급,懊,한할
오,1급,伍,다섯사람
오,1급,寤,잠깰
오,특급Ⅱ,鰲,자라
오,특급Ⅱ,塢,산언덕
오,특급Ⅱ,獒,사나운개
오,특급Ⅱ,晤,밝을
오,특급Ⅱ,俉,맞이할
오,특급Ⅱ,蜈,지네
오,특급Ⅱ,鼇,자라
오,특급Ⅱ,筽,버들고리
오,특급Ⅱ,旿,밝을
오,특급Ⅱ,澳,물굽이
오,특급Ⅱ,熬,볶을
오,특급Ⅱ,敖,거만할
오,특급,珸,아름다운돌
오,특급,忤,거스를
오,특급,汙,더러울
오,특급,隩,감출
오,특급,嗸,시끄러울
오,특급,杇,흙손
오,특급,奡,거만할
옥,5급,屋,집
옥,4급Ⅱ,玉,구슬
옥,3급Ⅱ,獄,옥囚舍
옥,2급,鈺,보배
옥,2급,沃,기름질
옥,특급,鋈,도금할
온,6급,溫,따뜻할
온,2급,穩,편안할
온,1급,蘊,쌓을
온,특급Ⅱ,瑥,사람이름
온,특급Ⅱ,縕,묵은솜
온,특급Ⅱ,瘟,염병
온,특급,韞,감출
온,특급,慍,성낼
온,특급,媼,할미
온,특급,昷,온화할
온,특급,醞,술빚을
올,특급Ⅱ,兀,우뚝할
올,특급,杌,가지없는나무
올,특급,扤,움직일
올,특급,卼,위태할
옹,3급,擁,낄
옹,3급,翁,늙은이
옹,2급,甕,독
옹,2급,雍,화(和)할
옹,2급,邕,막힐
옹,1급,壅,막을
옹,특급Ⅱ,瓮,독
옹,특급Ⅱ,饔,아침밥
옹,특급Ⅱ,癰,종기
옹,특급,灉,물이름
옹,특급,雝,화할
옹,특급,廱,막힐
옹,특급,顒,우러를
와,3급Ⅱ,瓦,기와
와,3급,臥,누울
와,1급,訛,그릇될
와,1급,渦,소용돌이
와,1급,蝸,달팽이
와,특급Ⅱ,窪,웅덩이
와,특급Ⅱ,蛙,개구리
와,특급Ⅱ,窩,움집
와,특급,吪,움직일
완,5급,完,완전할
완,3급Ⅱ,緩,느릴
완,2급,莞,빙그레할
완,1급,婉,순할
완,1급,宛,완연할
완,1급,玩,즐길
완,1급,腕,팔뚝
완,1급,阮,성(姓)
완,1급,頑,완고할
완,특급Ⅱ,豌,완두
완,특급Ⅱ,椀,주발碗
완,특급Ⅱ,琓,나라이름
완,특급Ⅱ,琬,홀
완,특급Ⅱ,翫,구경할
완,특급Ⅱ,碗,주발椀
완,특급Ⅱ,浣,빨
완,특급Ⅱ,脘,중완胃腑
완,특급,婠,품성좋을
완,특급,盌,주발
완,특급,垸,회섞어바를
왈,3급,曰,가로
왕,8급,王,임금
왕,4급Ⅱ,往,갈
왕,2급,汪,넓을
왕,2급,旺,왕성할
왕,1급,枉,굽을
왜,2급,歪,기울
왜,2급,倭,왜나라
왜,1급,矮,난쟁이
왜,특급Ⅱ,娃,예쁠
왜,특급,騧,공골말
외,8급,外,바깥
외,3급,畏,두려워할
외,1급,巍,높고클
외,1급,猥,외람할
외,특급Ⅱ,嵬,높을
요,5급Ⅱ,要,요긴할
요,5급,曜,빛날
요,4급Ⅱ,謠,노래
요,3급,遙,멀
요,3급,腰,허리
요,3급,搖,흔들
요,2급,妖,요사할
요,2급,姚,예쁠
요,2급,堯,요임금
요,2급,耀,빛날
요,1급,擾,시끄러울
요,1급,窈,고요할
요,1급,窯,기와가마
요,1급,邀,맞을
요,1급,饒,넉넉할
요,1급,僥,요행
요,1급,凹,오목할
요,1급,拗,우길
요,1급,夭,일찍죽을
요,특급Ⅱ,瑤,아름다운옥
요,특급Ⅱ,繞,두를
요,특급Ⅱ,繇,성할
요,특급Ⅱ,橈,노
요,특급Ⅱ,蟯,요충
요,특급Ⅱ,嶢,높을
요,특급Ⅱ,燿,비칠
요,특급,徭,구실
요,특급,蕘,나무할
요,특급,喓,벌레소리
요,특급,殀,일찍죽을
요,특급,葽,아기풀
요,특급,鷕,암꿩이울
요,특급,徼,구할
욕,5급,浴,목욕할
욕,3급Ⅱ,慾,욕심
욕,3급Ⅱ,欲,하고자할
욕,3급Ⅱ,辱,욕될
욕,특급Ⅱ,縟,화문놓을
욕,특급Ⅱ,褥,요藉
용,6급Ⅱ,勇,날랠
용,6급Ⅱ,用,쓸
용,4급Ⅱ,容,얼굴
용,3급,庸,떳떳할
용,2급,熔,녹을
용,2급,傭,품팔
용,2급,瑢,패옥소리
용,2급,溶,녹을
용,2급,鎔,쇠녹일
용,2급,鏞,쇠북
용,1급,踊,뛸
용,1급,蓉,연꽃
용,1급,茸,풀날
용,1급,聳,솟을
용,1급,涌,물 솟을
용,특급Ⅱ,冗,한산할
용,특급Ⅱ,榕,나무이름
용,특급Ⅱ,俑,허수아비
용,특급Ⅱ,墉,담垣
용,특급Ⅱ,甬,종꼭지
용,특급Ⅱ,湧,물솟을涌
용,특급Ⅱ,埇,길돋울
용,특급Ⅱ,慂,권할
용,특급,鄘,나라이름
용,특급,宂,일없을
용,특급,踴,뛸
우,7급Ⅱ,右,오를
우,5급Ⅱ,友,벗
우,5급Ⅱ,雨,비
우,5급,牛,소
우,4급,優,넉넉할
우,4급,遇,만날
우,4급,郵,우편
우,3급Ⅱ,憂,근심
우,3급Ⅱ,偶,짝
우,3급Ⅱ,宇,집
우,3급Ⅱ,愚,어리석을
우,3급Ⅱ,羽,깃
우,3급,于,어조사
우,3급,尤,더욱
우,3급,又,또
우,2급,佑,도울
우,2급,禹,성(姓)
우,2급,祐,복(福)
우,1급,虞,염려할
우,1급,迂,에돌
우,1급,寓,부칠寄
우,1급,嵎,산굽이
우,1급,隅,모퉁이
우,특급Ⅱ,釪,바리때
우,특급Ⅱ,禑,복
우,특급Ⅱ,旴,해뜰
우,특급Ⅱ,玗,옥돌
우,특급Ⅱ,瑀,옥돌
우,특급Ⅱ,盂,바리
우,특급Ⅱ,藕,연뿌리
우,특급Ⅱ,雩,기우제
우,특급Ⅱ,紆,얽힐
우,특급Ⅱ,芋,토란
우,특급,盱,눈부릅뜰
우,특급,吁,탄식할
우,특급,俁,클
우,특급,堣,땅이름
우,특급,楀,나무이름
우,특급,耦,짝
우,특급,訏,속일
우,특급,懮,근심할
우,특급,噳,떼지을
우,특급,麌,수사슴
우,특급,麀,암사슴
우,특급,踽,홀로걸을
우,특급,耰,고무래
우,특급,訧,허물
욱,2급,旭,아침해
욱,2급,昱,햇빛밝을
욱,2급,煜,빛날
욱,2급,郁,성할
욱,2급,頊,삼갈
욱,특급Ⅱ,栯,나무이름
욱,특급Ⅱ,彧,문채
욱,특급Ⅱ,勖,힘쓸
욱,특급Ⅱ,稶,무성할
욱,특급,稢,서직무성할
욱,특급,薁,머루
욱,특급,勗,힘쓸
욱,특급,燠,더울
운,6급Ⅱ,運,옮길
운,5급Ⅱ,雲,구름
운,3급Ⅱ,韻,운
운,3급,云,이를
운,2급,芸,향풀
운,1급,耘,김맬
운,1급,殞,죽을
운,1급,隕,떨어질
운,특급Ⅱ,蕓,평지
운,특급Ⅱ,澐,큰물결
운,특급Ⅱ,橒,나무이름
운,특급Ⅱ,熉,노란모양
운,특급,沄,물콸콸흐를
운,특급,篔,왕대
울,2급,鬱,답답할
울,2급,蔚,고을이름
울,특급Ⅱ,亐,땅이름
울,특급,菀,무성할
웅,5급,雄,수컷
웅,2급,熊,곰
원,6급,園,동산
원,6급,遠,멀
원,5급Ⅱ,元,으뜸
원,5급,原,언덕
원,5급,院,집
원,5급,願,원할
원,4급Ⅱ,圓,둥글
원,4급Ⅱ,員,인원
원,4급,怨,원망할
원,4급,援,도울
원,4급,源,근원
원,2급,苑,나라동산
원,2급,瑗,구슬
원,2급,袁,성(姓)
원,2급,媛,계집
원,1급,冤,원통할
원,1급,猿,원숭이
원,1급,鴛,원앙
원,특급Ⅱ,垣,담
원,특급Ⅱ,轅,끌채
원,특급Ⅱ,円,둥글圓
원,특급Ⅱ,湲,물졸졸흐를
원,특급Ⅱ,沅,물이름
원,특급Ⅱ,嫄,여자이름
원,특급Ⅱ,愿,삼갈
원,특급Ⅱ,洹,물이름
원,특급Ⅱ,寃,원통할冤
원,특급Ⅱ,爰,이에
원,특급,黿,큰자라
원,특급,騵,붉은말
월,8급,月,달
월,3급Ⅱ,越,넘을
월,특급Ⅱ,鉞,도끼
월,특급,刖,발꿈치벨
월,특급,軏,멍에막이
위,5급Ⅱ,偉,클
위,5급,位,자리
위,4급Ⅱ,衛,지킬
위,4급Ⅱ,爲,하
위,4급,圍,에워쌀
위,4급,委,맡길
위,4급,威,위엄
위,4급,慰,위로할
위,4급,危,위태할
위,3급Ⅱ,胃,밥통
위,3급Ⅱ,僞,거짓
위,3급Ⅱ,謂,이를
위,3급,違,어긋날
위,3급,緯,씨
위,2급,尉,벼슬
위,2급,渭,물이름
위,2급,韋,가죽
위,2급,魏,성(姓)
위,1급,萎,시들
위,특급Ⅱ,暐,빛날
위,특급Ⅱ,葦,갈대
위,특급Ⅱ,瑋,옥이름
위,특급Ⅱ,蔿,애기풀
위,특급Ⅱ,蝟,고슴도치
위,특급Ⅱ,褘,휘장
위,특급,藯,익모초
위,특급,韡,밝고성한모양
위,특급,喟,한숨쉴
위,특급,煒,빛날
위,특급,闈,대궐안작은문
유,7급,有,있을
유,6급,由,말미암을
유,6급,油,기름
유,4급,遊,놀
유,4급,乳,젖
유,4급,儒,선비
유,4급,遺,남길
유,3급Ⅱ,猶,오히려
유,3급Ⅱ,幽,그윽할
유,3급Ⅱ,幼,어릴
유,3급Ⅱ,柔,부드러울
유,3급Ⅱ,維,벼리
유,3급Ⅱ,裕,넉넉할
유,3급Ⅱ,誘,꾈
유,3급Ⅱ,悠,멀
유,3급,唯,오직
유,3급,酉,닭
유,3급,愈,나을
유,3급,惟,생각할
유,2급,庾,곳집
유,2급,兪,대답할
유,2급,踰,넘을
유,2급,楡,느릅나무
유,1급,揄,야유할
유,1급,柚,유자
유,1급,游,헤엄칠
유,1급,鍮,놋쇠
유,1급,癒,병나을
유,1급,諛,아첨할
유,1급,諭,타이를
유,1급,蹂,밟을
유,1급,喩,깨우칠
유,1급,愉,즐거울
유,1급,宥,너그러울
유,특급Ⅱ,孺,어릴
유,특급Ⅱ,猷,꾀할
유,특급Ⅱ,瑜,아름다운옥
유,특급Ⅱ,釉,유약
유,특급Ⅱ,逾,넘을
유,특급Ⅱ,萸,수유
유,특급Ⅱ,濡,젖을
유,특급Ⅱ,侑,짝
유,특급Ⅱ,洧,물이름
유,특급Ⅱ,楢,졸참나무
유,특급Ⅱ,攸,아득할
유,특급Ⅱ,臾,잠깐
유,특급,滺,물흐르는모양
유,특급,秞,곡식무성할
유,특급,濰,물이름
유,특급,褎,옷잘입을
유,특급,槱,화톳불놓을
유,특급,楰,산유자나무
유,특급,曘,햇빛
유,특급,卣,술통
유,특급,龥,부르짖을
유,특급,籲,부르짖을
유,특급,黝,검푸를
유,특급,醹,술맛진할
유,특급,莠,가라지
유,특급,輶,가벼운수레
유,특급,鮪,상어
유,특급,窬,판장문
유,특급,緌,갓끈
유,특급,呦,사슴울
유,특급,囿,동산
유,특급,帷,휘장
유,특급,揉,휠
유,특급,牖,깨우칠
유,특급,羑,인도할
육,7급,育,기를
육,4급Ⅱ,肉,고기
육,특급Ⅱ,毓,키울
육,특급Ⅱ,堉,기름진땅
윤,3급Ⅱ,潤,불을
윤,3급,閏,윤달
윤,2급,允,맏伯
윤,2급,胤,자손
윤,2급,鈗,창
윤,2급,尹,성(姓)
윤,특급Ⅱ,玧,귀막이옥
윤,특급Ⅱ,贇,예쁠
윤,특급Ⅱ,奫,물깊고넓을
윤,특급,狁,오랑캐이름
윤,특급,阭,높을
율,특급Ⅱ,聿,붓
율,특급,繘,두레박줄
율,특급,驈,샅흰검은말
율,특급,汩,물흐를
율,특급,鴥,빨리날
융,2급,融,녹을
융,1급,絨,가는베
융,1급,戎,병장기
융,특급Ⅱ,瀜,물깊고넓을
은,6급,銀,은
은,4급Ⅱ,恩,은혜
은,4급,隱,숨을
은,2급,垠,지경
은,2급,誾,향기
은,2급,殷,은나라
은,특급Ⅱ,慇,은근할
은,특급,嚚,어리석을
은,특급,憖,물을
은,특급,檼,마룻대
은,특급,溵,물이름
은,특급,訔,언쟁할
을,3급Ⅱ,乙,새
음,6급Ⅱ,音,소리
음,6급Ⅱ,飮,마실
음,4급Ⅱ,陰,그늘
음,3급Ⅱ,淫,음란할
음,3급,吟,읊을
음,1급,蔭,그늘
읍,7급,邑,고을
읍,3급,泣,울
읍,1급,揖,읍할
읍,특급,挹,뜰
읍,특급,浥,젖을
응,4급Ⅱ,應,응할
응,3급,凝,엉길
응,2급,鷹,매
응,1급,膺,가슴
의,6급Ⅱ,意,뜻
의,6급,醫,의원
의,6급,衣,옷
의,4급Ⅱ,議,의논할
의,4급Ⅱ,義,옳을
의,4급,依,의지할
의,4급,儀,거동
의,4급,疑,의심할
의,3급,矣,어조사
의,3급,宜,마땅
의,1급,毅,굳셀
의,1급,椅,의자
의,1급,擬,비길
의,1급,誼,정(情)
의,특급Ⅱ,薏,율무
의,특급Ⅱ,艤,배댈
의,특급Ⅱ,倚,기댈
의,특급Ⅱ,懿,아름다울
의,특급Ⅱ,蟻,개미
의,특급,猗,불깐개
의,특급,饐,밥쉴
의,특급,扆,병풍
의,특급,薿,우거질
의,특급,劓,코벨
이,8급,二,두
이,5급Ⅱ,以,써
이,5급,耳,귀
이,4급Ⅱ,移,옮길
이,4급,異,다를
이,3급Ⅱ,已,이미
이,3급,而,말이을
이,3급,夷,오랑캐
이,2급,貳,두
이,2급,怡,기쁠
이,2급,伊,저彼
이,2급,珥,귀고리
이,1급,餌,미끼
이,1급,姨,이모
이,1급,痍,상처
이,1급,爾,너
이,1급,弛,늦출
이,특급Ⅱ,彛,떳떳할彝
이,특급Ⅱ,貽,줄與
이,특급Ⅱ,飴,엿
이,특급Ⅱ,苡,율무
이,특급Ⅱ,荑,흰비름
이,특급Ⅱ,肄,익힐
이,특급Ⅱ,邇,가까울
이,특급,洟,콧물
이,특급,詒,줄
이,특급,苢,질경이
이,특급,樲,멧대추나무
이,특급,异,그만둘
이,특급,刵,귀벨
이,특급,桋,가시목
이,특급,訑,자랑할
이,특급,杝,나무이름
이,특급,彝,떳떳할
이,특급,頤,턱
이,특급,迤,든든할
익,4급Ⅱ,益,더할
익,3급Ⅱ,翼,날개
익,2급,翊,도울
익,1급,翌,다음날
익,특급Ⅱ,謚,빙그레할
익,특급Ⅱ,瀷,물이름
익,특급,弋,주살
인,8급,人,사람
인,5급,因,인할
인,4급Ⅱ,印,도장
인,4급Ⅱ,引,끌
인,4급Ⅱ,認,알知
인,4급,仁,어질
인,3급Ⅱ,忍,참을
인,3급,寅,범虎
인,3급,姻,혼인
인,2급,刃,칼날
인,1급,蚓,지렁이
인,1급,靭,질길
인,1급,咽,목구멍
인,1급,湮,묻힐
인,특급Ⅱ,茵,자리
인,특급Ⅱ,靷,가슴걸이
인,특급Ⅱ,絪,기운
인,특급,駰,회색얼룩말
인,특급,陻,막을
인,특급,仞,길
인,특급,夤,공손할
인,특급,禋,제사지낼
인,특급,牣,가득할
인,특급,訒,말더듬거릴
인,특급,闉,성문
인,특급,軔,바퀴고임나무
일,8급,一,한
일,8급,日,날
일,3급Ⅱ,逸,편안할
일,2급,壹,한
일,2급,佾,줄춤
일,2급,鎰,무게이름
일,1급,溢,넘칠
일,1급,佚,편안
일,특급Ⅱ,馹,역말驛馬
일,특급,泆,음탕할
임,5급Ⅱ,任,맡길
임,3급Ⅱ,壬,북방
임,3급Ⅱ,賃,품삯
임,2급,妊,아이밸
임,특급Ⅱ,恁,생각할
임,특급Ⅱ,荏,들깨
임,특급Ⅱ,稔,익을
임,특급Ⅱ,姙,아이밸妊
임,특급,袵,옷깃
임,특급,衽,옷깃
입,7급,入,들
입,특급Ⅱ,卄,스물廿
잉,1급,剩,남을
잉,1급,孕,아이밸
잉,특급Ⅱ,仍,인할
잉,특급Ⅱ,芿,새풀싹
잉,특급,陾,담쌓는소리
자,7급Ⅱ,子,아들
자,7급Ⅱ,自,스스로
자,7급,字,글자
자,6급,者,놈
자,4급,資,재물
자,4급,姿,모양
자,4급,姉,손윗누이
자,3급Ⅱ,紫,자줏빛
자,3급Ⅱ,慈,사랑
자,3급Ⅱ,刺,찌를
자,3급,恣,마음대로
자,3급,玆,이
자,2급,磁,자석
자,2급,諮,물을
자,2급,雌,암컷
자,2급,滋,불을益
자,1급,疵,허물
자,1급,仔,자세할
자,1급,蔗,사탕수수
자,1급,炙,구울
자,1급,煮,삶을
자,1급,藉,깔
자,1급,瓷,사기그릇
자,특급Ⅱ,咨,차탄할
자,특급Ⅱ,孜,부지런할
자,특급Ⅱ,茨,남가새
자,특급,鼒,옹솥
자,특급,孶,새끼칠
자,특급,赭,붉은흙
자,특급,鎡,호미
자,특급,秭,천억
자,특급,訿,훼방할
자,특급,貲,재물
자,특급,訾,훼방할
자,특급,茲,초목무성할
자,특급,胾,고깃점
자,특급,耔,북돋울
자,특급,粢,서직
자,특급,柘,메뽕나무
자,특급,胏,밥찌끼
작,6급Ⅱ,作,지을
작,6급Ⅱ,昨,어제
작,3급,酌,술부을
작,3급,爵,벼슬
작,1급,炸,터질
작,1급,勺,구기
작,1급,灼,불사를
작,1급,綽,너그러울
작,1급,嚼,씹을
작,1급,芍,함박꽃
작,1급,雀,참새
작,1급,鵲,까치
작,특급Ⅱ,斫,쪼갤
작,특급,柞,떡갈나무
잔,4급,殘,남을
잔,1급,盞,잔
잔,1급,棧,사다리
잔,특급Ⅱ,潺,물졸졸흐를
잔,특급Ⅱ,孱,잔약할
잔,특급,僝,갖출
잠,3급Ⅱ,暫,잠깐
잠,3급Ⅱ,潛,잠길
잠,2급,蠶,누에
잠,1급,箴,경계
잠,1급,簪,비녀
잠,특급Ⅱ,岑,산높을
잡,4급,雜,섞일
장,8급,長,긴
장,7급Ⅱ,場,마당
장,6급,章,글
장,4급Ⅱ,將,장수
장,4급Ⅱ,障,막을
장,4급,獎,장려할
장,4급,裝,꾸밀
장,4급,腸,창자
장,4급,張,베풀
장,4급,壯,장할
장,4급,帳,장막
장,3급Ⅱ,莊,씩씩할
장,3급Ⅱ,葬,장사지낼
장,3급Ⅱ,臟,오장
장,3급Ⅱ,粧,단장할
장,3급Ⅱ,掌,손바닥
장,3급Ⅱ,丈,어른
장,3급Ⅱ,藏,감출
장,3급,墻,담
장,2급,獐,노루
장,2급,庄,전장(田莊)
장,2급,璋,홀圭
장,2급,蔣,성(姓)
장,1급,檣,돛대
장,1급,薔,장미
장,1급,漿,즙
장,1급,醬,장
장,1급,杖,지팡이
장,1급,匠,장인
장,1급,仗,의장(儀仗)
장,특급Ⅱ,贓,장물
장,특급Ⅱ,牆,담
장,특급Ⅱ,臧,착할
장,특급Ⅱ,樟,녹나무
장,특급Ⅱ,欌,장롱
장,특급Ⅱ,暲,해돋을
장,특급,漳,물이름
장,특급,粻,양식
장,특급,斨,도끼
장,특급,鏘,옥소리
장,특급,牂,암양
장,특급,戕,찌를
장,특급,奘,클
장,특급,萇,보리수
재,6급Ⅱ,才,재주
재,6급,在,있을
재,5급Ⅱ,財,재물
재,5급Ⅱ,材,재목
재,5급,災,재앙
재,5급,再,두
재,3급Ⅱ,栽,심을
재,3급Ⅱ,裁,옷마를
재,3급Ⅱ,載,실을
재,3급,哉,어조사
재,3급,宰,재상
재,1급,齋,재계할
재,1급,滓,찌끼
재,특급Ⅱ,梓,가래나무
재,특급Ⅱ,齎,가질
재,특급Ⅱ,縡,일事
재,특급Ⅱ,渽,강이름
재,특급,灾,재앙
재,특급,纔,겨우
재,특급,賫,가질
쟁,5급,爭,다툴
쟁,1급,錚,쇳소리
쟁,특급Ⅱ,箏,쟁악기이름
쟁,특급Ⅱ,諍,간할
저,5급,貯,쌓을
저,4급Ⅱ,低,낮을
저,4급,底,밑
저,3급Ⅱ,著,나타날
저,3급Ⅱ,抵,막을抗
저,2급,沮,막을遮
저,1급,狙,원숭이
저,1급,豬,돼지
저,1급,箸,젓가락
저,1급,咀,씹을
저,1급,詛,저주할
저,1급,躇,머뭇거릴
저,1급,邸,집
저,1급,觝,씨름
저,특급Ⅱ,姐,맏누이
저,특급Ⅱ,齟,이어긋날
저,특급Ⅱ,這,이
저,특급Ⅱ,藷,감자
저,특급Ⅱ,菹,김치
저,특급Ⅱ,苧,모시
저,특급Ⅱ,雎,물수리
저,특급Ⅱ,疽,종기
저,특급Ⅱ,紵,모시
저,특급Ⅱ,佇,우두커니설
저,특급Ⅱ,杵,공이
저,특급Ⅱ,楮,닥나무
저,특급Ⅱ,樗,가죽나무
저,특급Ⅱ,渚,물가
저,특급Ⅱ,猪,돼지豬
저,특급Ⅱ,儲,쌓을
저,특급,羜,새끼양
저,특급,氐,근본
저,특급,罝,짐승그물
저,특급,砠,돌산
저,특급,疷,앓을
저,특급,苴,암삼
저,특급,羝,숫양
저,특급,杼,북(織具)
저,특급,筯,젓가락
적,5급Ⅱ,的,과녁
적,5급,赤,붉을
적,4급Ⅱ,敵,대적할
적,4급,積,쌓을
적,4급,籍,문서
적,4급,適,맞을
적,4급,績,길쌈
적,4급,賊,도둑
적,3급Ⅱ,跡,발자취
적,3급Ⅱ,寂,고요할
적,3급Ⅱ,笛,피리
적,3급Ⅱ,摘,딸手收
적,3급Ⅱ,蹟,자취
적,3급,滴,물방울
적,1급,嫡,정실
적,1급,謫,귀양갈
적,1급,狄,오랑캐
적,1급,迹,자취
적,특급Ⅱ,荻,물억새
적,특급Ⅱ,迪,나아갈
적,특급Ⅱ,鏑,살촉
적,특급Ⅱ,勣,공(功)
적,특급Ⅱ,翟,꿩
적,특급,糴,쌀사들일
적,특급,趯,뛸
적,특급,逖,멀
적,특급,籊,가늘고길
적,특급,覿,볼
적,특급,踖,조심해서걸을
전,7급Ⅱ,電,번개
전,7급Ⅱ,前,앞
전,7급Ⅱ,全,온전
전,6급Ⅱ,戰,싸움
전,5급Ⅱ,傳,전할
전,5급Ⅱ,典,법
전,5급Ⅱ,展,펼
전,4급Ⅱ,田,밭
전,4급,專,오로지
전,4급,轉,구를
전,4급,錢,돈
전,3급Ⅱ,殿,전각
전,2급,甸,경기
전,1급,塡,메울
전,1급,箋,기록할
전,1급,餞,보낼
전,1급,顫,떨
전,1급,顚,엎드러질
전,1급,銓,사람가릴
전,1급,輾,돌아누울
전,1급,纏,얽을
전,1급,栓,마개
전,1급,箭,살矢
전,1급,廛,가게
전,1급,癲,미칠
전,1급,煎,달일
전,1급,澱,앙금
전,1급,剪,가위
전,1급,氈,담(毯)
전,1급,悛,고칠
전,1급,篆,전자(篆字)
전,1급,奠,정할
전,특급Ⅱ,筌,통발
전,특급Ⅱ,佺,신선이름
전,특급Ⅱ,塼,벽돌甎
전,특급Ⅱ,佃,밭갈
전,특급Ⅱ,鈿,비녀
전,특급Ⅱ,鐫,새길
전,특급Ⅱ,詮,갖출
전,특급Ⅱ,畑,화전
전,특급Ⅱ,琠,옥이름
전,특급,腆,두터울
전,특급,翦,자를
전,특급,邅,머뭇거릴
전,특급,靦,부끄러울
전,특급,顓,오로지
전,특급,闐,성할
전,특급,旃,기(旗)
전,특급,巓,산꼭대기
전,특급,戩,다할
전,특급,荃,향초
전,특급,瘨,앓을
전,특급,牷,희생
전,특급,瀍,물이름
전,특급,鱣,전어
전,특급,飦,죽
전,특급,畋,사냥할
절,5급Ⅱ,節,마디
절,5급Ⅱ,切,끊을
절,4급Ⅱ,絶,끊을
절,4급,折,꺾을
절,3급,竊,훔칠
절,1급,截,끊을
절,특급Ⅱ,浙,강이름
절,특급Ⅱ,癤,부스럼
절,특급,晢,밝을
절,특급,晣,밝을
점,5급Ⅱ,店,가게
점,4급,點,점
점,4급,占,점령할 점
점,3급Ⅱ,漸,점점
점,1급,霑,젖을
점,1급,粘,붙을
점,특급Ⅱ,岾,고개
점,특급Ⅱ,鮎,메기
점,특급Ⅱ,点,점點
점,특급,玷,옥티
점,특급,墊,빠질
점,특급,坫,잔돌려놓는자리
점,특급,簟,대자리
접,4급Ⅱ,接,이을
접,3급,蝶,나비
접,특급Ⅱ,摺,접을
정,7급Ⅱ,正,바를
정,6급Ⅱ,庭,뜰
정,6급,定,정할
정,5급Ⅱ,情,뜻
정,5급,停,머무를
정,4급Ⅱ,政,정사(政事)
정,4급Ⅱ,程,한도
정,4급Ⅱ,精,정할
정,4급,靜,고요할
정,4급,丁,고무래
정,4급,整,가지런할
정,3급Ⅱ,淨,깨끗할
정,3급Ⅱ,頂,정수리
정,3급Ⅱ,井,우물
정,3급Ⅱ,亭,정자
정,3급Ⅱ,廷,조정
정,3급Ⅱ,貞,곧을
정,3급Ⅱ,征,칠
정,3급,訂,바로잡을
정,2급,艇,배
정,2급,偵,염탐할
정,2급,呈,드릴
정,2급,汀,물가
정,2급,楨,광나무
정,2급,晶,맑을
정,2급,鼎,솥
정,2급,鄭,나라
정,2급,禎,상서로울
정,2급,旌,기
정,2급,珽,옥이름
정,1급,錠,덩이
정,1급,挺,빼어날
정,1급,町,밭두둑
정,1급,睛,눈동자
정,1급,碇,닻
정,1급,穽,함정
정,1급,釘,못
정,1급,靖,편안할
정,1급,幀,그림족자
정,1급,酊,술취할
정,특급Ⅱ,淀,얕은물
정,특급Ⅱ,湞,물이름
정,특급Ⅱ,炡,빛날
정,특급Ⅱ,渟,물괼
정,특급Ⅱ,晸,동틀
정,특급Ⅱ,姃,단정할
정,특급Ⅱ,鉦,징
정,특급Ⅱ,諪,조정할
정,특급Ⅱ,鋌,쇳덩이
정,특급Ⅱ,綎,인끈
정,특급Ⅱ,檉,능수버들
정,특급Ⅱ,瀞,맑을
정,특급Ⅱ,霆,벼락
정,특급Ⅱ,玎,옥 소리
정,특급,梃,몽둥이
정,특급,阱,함정
정,특급,赬,붉을
정,특급,裎,옷벗을
정,특급,涏,물결곧을
정,특급,靚,단장할
정,특급,鋥,칼날세울
정,특급,酲,숙취
정,특급,桯,탁자
정,특급,棖,문설주
정,특급,珵,옥이름
제,8급,弟,아우
제,6급Ⅱ,第,차례
제,6급Ⅱ,題,제목
제,4급Ⅱ,濟,건널
제,4급Ⅱ,提,끌
제,4급Ⅱ,制,절제할
제,4급Ⅱ,製,지을
제,4급Ⅱ,除,덜
제,4급Ⅱ,際,즈음
제,4급Ⅱ,祭,제사
제,4급,帝,임금
제,3급Ⅱ,諸,모두
제,3급Ⅱ,齊,가지런할
제,3급,堤,둑
제,2급,劑,약제
제,1급,啼,울
제,1급,梯,사다리
제,1급,悌,공손할
제,1급,蹄,굽
제,특급Ⅱ,醍,제호
제,특급Ⅱ,霽,갤
제,특급Ⅱ,薺,냉이
제,특급Ⅱ,臍,배꼽
제,특급,隮,오를
제,특급,禔,편안할
제,특급,鵜,사다새
제,특급,穧,볏단
제,특급,泲,물이름
제,특급,懠,성낼
제,특급,嚌,맛볼
제,특급,隄,둑
제,특급,躋,오를
제,특급,稊,가라지
제,특급,瑅,옥이름
제,특급,娣,제수
제,특급,蠐,굼벵이
조,7급,祖,할아비
조,6급,朝,아침
조,5급Ⅱ,調,고를
조,5급,操,잡을
조,4급Ⅱ,鳥,새
조,4급Ⅱ,助,도울
조,4급Ⅱ,早,이를
조,4급Ⅱ,造,지을
조,4급,條,가지
조,4급,潮,밀물
조,4급,組,짤
조,3급Ⅱ,租,조세
조,3급Ⅱ,照,비칠
조,3급Ⅱ,兆,억조
조,3급,燥,마를
조,3급,弔,조상할
조,2급,措,둘置
조,2급,釣,낚을
조,2급,彫,새길
조,2급,趙,나라
조,2급,曺,성(姓)
조,2급,祚,복(福)
조,1급,詔,조서
조,1급,藻,마름
조,1급,躁,조급할
조,1급,阻,막힐
조,1급,凋,시들
조,1급,嘲,비웃을
조,1급,曹,무리
조,1급,棗,대추
조,1급,粗,거칠
조,1급,肇,비롯할
조,1급,遭,만날
조,1급,槽,구유
조,1급,繰,고치켤
조,1급,糟,지게미
조,1급,稠,빽빽할
조,1급,漕,배로실어나를
조,1급,爪,손톱
조,1급,眺,볼
조,특급Ⅱ,蚤,벼룩
조,특급Ⅱ,俎,도마
조,특급Ⅱ,晁,아침
조,특급Ⅱ,璪,면류관장식
조,특급Ⅱ,雕,아로새길
조,특급Ⅱ,吊,조상할弔
조,특급Ⅱ,窕,그윽할
조,특급,鞗,고삐
조,특급,阼,동편섬돌
조,특급,螬,굼벵이
조,특급,蓧,삼태기
조,특급,罩,가리
조,특급,旐,기
조,특급,慥,독실할
조,특급,鰷,피라미
조,특급,殂,죽을
조,특급,皂,검을
조,특급,佻,경박할
조,특급,洮,씻을
조,특급,鼂,아침
조,특급,蜩,매미
조,특급,蔦,담쟁이덩굴
조,특급,竈,부엌
조,특급,皁,검을
조,특급,恌,경박할
조,특급,懆,근심할
조,특급,徂,갈
족,7급Ⅱ,足,발
족,6급,族,겨레
족,1급,簇,가는대小竹
족,특급Ⅱ,鏃,살촉
존,4급Ⅱ,尊,높을
존,4급,存,있을
졸,5급Ⅱ,卒,마칠
졸,3급,拙,졸할
졸,1급,猝,갑자기
종,5급Ⅱ,種,씨
종,5급,終,마칠
종,4급Ⅱ,宗,마루
종,4급,鍾,쇠북
종,4급,從,좇을
종,3급Ⅱ,縱,세로
종,2급,綜,모을
종,2급,琮,옥홀
종,1급,踵,발꿈치
종,1급,慫,권할
종,1급,腫,종기
종,1급,踪,자취
종,특급Ⅱ,棕,종려나무椶
종,특급Ⅱ,淙,물소리
종,특급Ⅱ,悰,즐길
종,특급Ⅱ,鐘,쇠북
종,특급Ⅱ,倧,신인(神人)
종,특급,螽,메뚜기
종,특급,尰,수중다리
종,특급,蹤,자취
종,특급,瑽,패옥소리
종,특급,豵,돼지새끼
종,특급,樅,전나무
종,특급,鬷,모일
종,특급,椶,종려나무
좌,7급Ⅱ,左,왼
좌,4급,座,자리
좌,3급Ⅱ,坐,앉을
좌,3급,佐,도울
좌,1급,挫,꺾을
좌,특급,脞,잗달
죄,5급,罪,허물
주,7급,住,살
주,7급,主,임금
주,6급Ⅱ,注,부을
주,6급,晝,낮
주,5급Ⅱ,週,주일
주,5급Ⅱ,州,고을
주,4급Ⅱ,走,달릴
주,4급,酒,술
주,4급,朱,붉을
주,4급,周,두루
주,3급Ⅱ,柱,기둥
주,3급Ⅱ,珠,구슬
주,3급Ⅱ,株,그루
주,3급Ⅱ,奏,아뢸
주,3급Ⅱ,洲,물가
주,3급Ⅱ,鑄,쇠불릴
주,3급Ⅱ,宙,집
주,3급,舟,배
주,2급,駐,머무를
주,2급,疇,이랑
주,1급,躊,머뭇거릴
주,1급,輳,몰려들
주,1급,誅,벨
주,1급,做,지을
주,1급,胄,자손
주,1급,呪,빌
주,1급,嗾,부추길
주,1급,廚,부엌
주,1급,紂,주임금
주,1급,紬,명주
주,1급,註,글뜻풀
주,특급Ⅱ,澍,단비
주,특급Ⅱ,侏,난쟁이
주,특급Ⅱ,湊,모일
주,특급Ⅱ,炷,심지
주,특급Ⅱ,籌,산가지
주,특급Ⅱ,冑,투구
주,특급Ⅱ,蛛,거미
주,특급Ⅱ,綢,빽빽할
주,특급Ⅱ,酎,진한술
주,특급Ⅱ,姝,예쁠
주,특급,妵,여자예쁜모양
주,특급,侜,가릴
주,특급,幬,휘장
주,특급,裯,홑이불
주,특급,輈,수레채
주,특급,遒,굳셀
주,특급,咮,새부리
주,특급,燽,드러날
주,특급,譸,속일
주,특급,躕,머뭇거릴
주,특급,邾,나라이름
주,특급,馵,뒷발이흰말
주,특급,霔,시우
죽,4급Ⅱ,竹,대
죽,특급Ⅱ,粥,죽
죽,특급,鬻,죽
준,4급Ⅱ,準,준할
준,3급,遵,좇을
준,3급,俊,준걸
준,2급,准,비준
준,2급,駿,준마
준,2급,濬,깊을
준,2급,浚,깊게할
준,2급,晙,밝을
준,2급,峻,높을
준,2급,埈,높을
준,1급,竣,마칠
준,1급,樽,술통
준,1급,蠢,꾸물거릴
준,특급Ⅱ,畯,농부
준,특급Ⅱ,儁,영특할
준,특급Ⅱ,雋,영특할
준,특급Ⅱ,逡,물러갈
준,특급Ⅱ,寯,모을
준,특급Ⅱ,焌,불태울
준,특급,噂,수군거릴
준,특급,埻,과녁
준,특급,蹲,걸어앉을
준,특급,隼,새매
준,특급,鱒,송어
줄,특급Ⅱ,茁,풀싹
줄,특급,崒,산높을
중,8급,中,가운데
중,7급,重,무거울
중,4급Ⅱ,衆,무리
중,3급Ⅱ,仲,버금
즉,3급Ⅱ,卽,곧
즐,1급,櫛,빗
즐,특급,騭,수말
즙,1급,葺,기울
즙,1급,汁,즙
즙,특급Ⅱ,緝,거둘
즙,특급Ⅱ,楫,노
즙,특급,濈,화목할
즙,특급,戢,거둘
증,4급Ⅱ,增,더할
증,4급,證,증거
증,3급Ⅱ,憎,미울
증,3급Ⅱ,曾,일찍
증,3급Ⅱ,症,증세
증,3급Ⅱ,蒸,찔
증,3급,贈,줄送
증,특급Ⅱ,甑,시루
증,특급Ⅱ,拯,건질
증,특급Ⅱ,烝,찔
증,특급Ⅱ,繒,비단
증,특급,璔,옥(玉)
지,7급,紙,종이
지,7급,地,따
지,5급Ⅱ,知,알
지,5급,止,그칠
지,4급Ⅱ,志,뜻
지,4급Ⅱ,指,가리킬
지,4급Ⅱ,支,지탱할
지,4급Ⅱ,至,이를
지,4급,持,가질
지,4급,智,슬기
지,4급,誌,기록할
지,3급Ⅱ,之,갈
지,3급Ⅱ,池,못
지,3급Ⅱ,枝,가지
지,3급,只,다만
지,3급,遲,더딜
지,2급,脂,기름
지,2급,旨,뜻
지,2급,芝,지초
지,2급,址,터
지,1급,咫,여덟치
지,1급,摯,잡을
지,1급,枳,탱자
지,1급,祉,복(福)
지,1급,肢,팔다리
지,특급Ⅱ,漬,적실
지,특급Ⅱ,芷,구릿대
지,특급Ⅱ,砥,숫돌
지,특급Ⅱ,贄,폐백
지,특급Ⅱ,蜘,거미
지,특급Ⅱ,沚,물가
지,특급Ⅱ,祗,공경할
지,특급Ⅱ,趾,발
지,특급,篪,저笛
지,특급,踟,머뭇거릴
지,특급,蚳,개미알
지,특급,輊,수레숙어질
지,특급,鋕,새길
지,특급,坻,모래섬
직,7급Ⅱ,直,곧을
직,4급Ⅱ,職,직분
직,4급,織,짤
직,2급,稷,피穀名
직,2급,稙,올벼
진,4급Ⅱ,進,나아갈
진,4급Ⅱ,眞,참
진,4급,珍,보배
진,4급,盡,다할
진,4급,陣,진칠
진,3급Ⅱ,陳,베풀 진
진,3급Ⅱ,震,우레
진,3급Ⅱ,鎭,진압할
진,3급Ⅱ,辰,별
진,3급Ⅱ,振,떨칠
진,2급,診,진찰할
진,2급,津,나루
진,2급,塵,티끌
진,2급,秦,성(姓)
진,2급,晋,진나라
진,1급,嗔,성낼
진,1급,疹,마마
진,특급Ⅱ,唇,놀랄
진,특급Ⅱ,瑨,옥돌
진,특급Ⅱ,溱,많을
진,특급Ⅱ,榛,개암나무
진,특급Ⅱ,軫,수레뒤턱나무
진,특급Ⅱ,晉,성(姓)
진,특급Ⅱ,畛,밭두렁
진,특급Ⅱ,搢,꽂을
진,특급Ⅱ,瞋,부릅뜰
진,특급Ⅱ,縝,맺을
진,특급Ⅱ,臻,이를
진,특급Ⅱ,蔯,사철쑥
진,특급Ⅱ,桭,처마
진,특급Ⅱ,賑,진휼
진,특급Ⅱ,縉,꽂을
진,특급Ⅱ,璡,옥돌
진,특급Ⅱ,殄,끊을
진,특급Ⅱ,袗,홑옷
진,특급,鬒,숱많고검을
진,특급,螓,쓰르라미
진,특급,禛,복받을
진,특급,蓁,우거질
진,특급,瑱,귀막이옥
진,특급,紾,비틀
질,5급Ⅱ,質,바탕
질,3급Ⅱ,疾,병
질,3급Ⅱ,秩,차례
질,3급,姪,조카
질,2급,窒,막힐
질,1급,帙,책권차례
질,1급,桎,차꼬
질,1급,膣,음도
질,1급,叱,꾸짖을
질,1급,跌,거꾸러질
질,1급,迭,갈마들
질,1급,嫉,미워할
질,특급Ⅱ,蛭,거머리
질,특급Ⅱ,侄,어리석을
질,특급Ⅱ,瓆,사람이름
질,특급,垤,개밋둑
질,특급,絰,요질
질,특급,銍,짧은낫
질,특급,蒺,남가새
질,특급,礩,주춧돌
질,특급,挃,벼벨
질,특급,耋,늙을
질,특급,瓞,북치
짐,1급,朕,나
짐,1급,斟,짐작할
집,6급Ⅱ,集,모을
집,3급Ⅱ,執,잡을
집,2급,輯,모을
집,특급Ⅱ,潗,샘물솟을
집,특급Ⅱ,鏶,쇳조각
징,3급Ⅱ,徵,부를
징,3급,懲,징계할
징,1급,澄,맑을
차,4급Ⅱ,次,버금
차,4급,差,다를
차,3급Ⅱ,此,이
차,3급Ⅱ,借,빌
차,3급,且,또
차,2급,遮,가릴
차,1급,叉,갈래
차,1급,嗟,탄식할
차,1급,蹉,미끄러질
차,특급Ⅱ,箚,글
차,특급Ⅱ,磋,갈磨
차,특급Ⅱ,侘,자랑할
차,특급Ⅱ,嵯,산높고험할
차,특급,瑳,옥빛
차,특급,佌,작을
차,특급,泚,물맑을
차,특급,佽,도울
착,5급Ⅱ,着,붙을
착,3급Ⅱ,錯,어긋날
착,3급,捉,잡을
착,1급,搾,짤
착,1급,窄,좁을
착,1급,鑿,뚫을
착,특급Ⅱ,齪,악착할
착,특급,斮,벨
착,특급,斲,깎을
찬,4급,讚,기릴
찬,3급Ⅱ,贊,도울
찬,2급,餐,밥
찬,2급,瓚,옥잔
찬,2급,鑽,뚫을
찬,2급,璨,옥빛
찬,2급,燦,빛날
찬,1급,撰,지을
찬,1급,纂,모을
찬,1급,饌,반찬
찬,1급,篡,빼앗을
찬,특급Ⅱ,竄,도망할
찬,특급Ⅱ,簒,빼앗을篡
찬,특급Ⅱ,澯,맑을
찬,특급Ⅱ,纘,이을
찬,특급Ⅱ,粲,선명할
찬,특급,爨,불땔
찬,특급,巑,높이솟을
찬,특급,湌,먹을
찰,4급Ⅱ,察,살필
찰,2급,刹,절
찰,2급,札,편지
찰,1급,擦,문지를
찰,특급Ⅱ,紮,묶을
찰,특급,扎,뽑을
참,5급Ⅱ,參,참여할
참,3급,慙,부끄러울
참,3급,慘,참혹할
참,2급,斬,벨
참,1급,塹,구덩이
참,1급,站,역(驛)마을
참,1급,僭,주제넘을
참,1급,懺,뉘우칠
참,1급,讒,참소할
참,1급,讖,예언
참,특급,憯,마음아플
참,특급,譖,참소할
참,특급,毚,약은토끼
창,6급Ⅱ,窓,창
창,5급,唱,부를
창,4급Ⅱ,創,비롯할
창,3급Ⅱ,昌,창성할
창,3급Ⅱ,蒼,푸를
창,3급Ⅱ,倉,곳집
창,3급,暢,화창할
창,2급,滄,큰바다
창,2급,彰,드러날
창,2급,敞,시원할
창,2급,昶,해길
창,1급,槍,창
창,1급,脹,부을
창,1급,娼,창녀
창,1급,猖,미쳐날뛸
창,1급,廠,공장
창,1급,瘡,부스럼
창,1급,倡,광대
창,1급,艙,부두
창,1급,菖,창포
창,1급,愴,슬플
창,1급,漲,넘칠
창,특급,搶,빼앗을
창,특급,瑲,옥소리
창,특급,蹌,추창할
창,특급,窗,창
창,특급,鶬,왜가리
창,특급,悵,슬플
창,특급,鬯,향풀
창,특급,韔,활집
채,4급,採,캘
채,3급Ⅱ,債,빚
채,3급Ⅱ,彩,채색
채,3급Ⅱ,菜,나물
채,2급,埰,사패지(賜牌地)
채,2급,采,풍채
채,2급,蔡,성(姓)
채,1급,寨,목책(木柵)
채,특급Ⅱ,綵,비단
채,특급Ⅱ,寀,채지
채,특급Ⅱ,釵,비녀
채,특급Ⅱ,砦,목책
채,특급,瘥,병나을
채,특급,瘵,허로병
채,특급,蠆,벌(蜂)
책,5급Ⅱ,責,꾸짖을
책,4급,冊,책
책,3급Ⅱ,策,꾀
책,1급,柵,울타리
책,특급,簀,살평상
처,4급Ⅱ,處,곳
처,3급Ⅱ,妻,아내
처,2급,悽,슬퍼할
처,1급,凄,쓸쓸할
처,특급,萋,풀성할
척,3급Ⅱ,尺,자
척,3급Ⅱ,戚,친척
척,3급Ⅱ,拓,넓힐
척,3급,斥,물리칠
척,2급,隻,외짝
척,2급,陟,오를
척,1급,瘠,여윌
척,1급,滌,씻을
척,1급,脊,등마루
척,1급,擲,던질
척,특급Ⅱ,慽,근심할
척,특급Ⅱ,倜,얽매이지않을
척,특급Ⅱ,蹠,밟을
척,특급Ⅱ,剔,뼈바를
척,특급,坧,터
척,특급,蹢,머뭇거릴
척,특급,惕,두려워할
척,특급,蹐,잔걸음
척,특급,慼,근심할
척,특급,跖,발바닥
천,7급,千,일천
천,7급,天,하늘
천,7급,川,내
천,4급,泉,샘
천,3급Ⅱ,踐,밟을
천,3급Ⅱ,賤,천할
천,3급Ⅱ,淺,얕을
천,3급Ⅱ,遷,옮길
천,3급,薦,천거할
천,2급,釧,팔찌
천,1급,闡,밝힐
천,1급,穿,뚫을
천,1급,擅,멋대로할
천,1급,喘,숨찰
천,특급Ⅱ,玔,옥고리
천,특급Ⅱ,韆,그네
천,특급Ⅱ,仟,일천
천,특급Ⅱ,舛,어그러질
천,특급Ⅱ,阡,밭둑길
천,특급,梴,나무밋밋할
천,특급,遄,빠를
천,특급,幝,해진모양
천,특급,倩,아름다울
천,특급,俴,엷을
철,5급,鐵,쇠
철,3급Ⅱ,哲,밝을
철,3급Ⅱ,徹,통할
철,2급,撤,거둘
철,2급,澈,맑을
철,2급,喆,밝을
철,1급,轍,바퀴자국
철,1급,綴,엮을
철,1급,凸,볼록할
철,특급Ⅱ,輟,그칠
철,특급,歠,마실
철,특급,驖,구렁말
철,특급,惙,근심할
철,특급,啜,훌쩍거릴
철,특급,掇,주울
첨,3급,尖,뾰족할
첨,3급,添,더할
첨,2급,瞻,볼
첨,1급,籤,제비(점대)
첨,1급,僉,다
첨,1급,諂,아첨할
첨,특급Ⅱ,詹,이를(至)
첨,특급Ⅱ,沾,젖을
첨,특급Ⅱ,甛,달甘
첨,특급Ⅱ,簽,이름둘
첨,특급,襜,수레휘장
첨,특급,餂,핥을
첨,특급,覘,엿볼
첨,특급,忝,욕될
첩,3급,妾,첩
첩,2급,諜,염탐할
첩,1급,帖,문서
첩,1급,貼,붙일
첩,1급,疊,거듭
첩,1급,牒,편지
첩,1급,捷,빠를
첩,특급Ⅱ,睫,속눈썹
첩,특급Ⅱ,輒,문득
첩,특급Ⅱ,堞,성가퀴
청,8급,靑,푸를
청,6급Ⅱ,淸,맑을
청,4급Ⅱ,請,청할
청,4급,聽,들을
청,4급,廳,관청
청,3급,晴,갤
청,특급Ⅱ,菁,순무
청,특급Ⅱ,鯖,청어
체,6급Ⅱ,體,몸
체,3급Ⅱ,滯,막힐
체,3급,遞,갈릴
체,3급,逮,잡을
체,3급,替,바꿀
체,2급,締,맺을
체,1급,涕,눈물
체,1급,諦,살필
체,특급Ⅱ,剃,머리깎을
체,특급,疐,꼭지
체,특급,彘,돼지
체,특급,棣,산앵두나무
체,특급,嚔,재채기할
체,특급,掣,끌
체,특급,杕,나무우뚝설
체,특급,禘,큰제사
체,특급,蝃,무지개
체,특급,遆,갈마들
체,특급,髢,딴머리
체,특급,揥,빗치개
초,7급,草,풀
초,5급,初,처음
초,4급,招,부를
초,3급Ⅱ,超,뛰어넘을
초,3급Ⅱ,肖,닮을
초,3급Ⅱ,礎,주춧돌
초,3급,抄,뽑을
초,3급,秒,분초
초,2급,哨,망볼
초,2급,焦,탈燥
초,2급,楚,초나라
초,1급,貂,담비
초,1급,礁,암초
초,1급,硝,화약
초,1급,憔,파리할
초,1급,醋,초
초,1급,蕉,파초
초,1급,樵,나무할
초,1급,梢,나무끝
초,1급,稍,점점
초,1급,炒,볶을
초,특급Ⅱ,酢,초
초,특급Ⅱ,椒,산초나무
초,특급Ⅱ,苕,완두
초,특급Ⅱ,艸,풀
초,특급Ⅱ,醮,초례
초,특급Ⅱ,剿,끊을
초,특급,誚,꾸짖을
초,특급,勦,노곤할
초,특급,悄,근심할
초,특급,譙,꾸짖을
촉,3급Ⅱ,觸,닿을
촉,3급Ⅱ,促,재촉할
촉,3급,燭,촛불
촉,2급,蜀,나라이름
촉,1급,囑,부탁할
촉,특급Ⅱ,矗,우뚝솟을
촉,특급,蠋,뽕나무벌레
촉,특급,躅,자취
촌,8급,寸,마디
촌,7급,村,마을
촌,1급,忖,헤아릴
촌,특급Ⅱ,邨,마을村
총,4급Ⅱ,總,다皆
총,4급Ⅱ,銃,총
총,3급,聰,귀밝을
총,1급,叢,떨기
총,1급,塚,무덤
총,1급,寵,사랑할
총,특급Ⅱ,蔥,파
총,특급Ⅱ,摠,거느릴
총,특급Ⅱ,憁,실심할
총,특급Ⅱ,悤,바쁠
총,특급,冢,클
총,특급,潨,물모일
촬,1급,撮,모을
최,5급,最,가장
최,3급Ⅱ,催,재촉할
최,2급,崔,성(姓)
최,특급,摧,꺾을
최,특급,嘬,물(齧)
최,특급,凗,눈서리쌓일
추,7급,秋,가을
추,4급,推,밀
추,3급Ⅱ,追,쫓을
추,3급,醜,추할
추,3급,抽,뽑을
추,2급,趨,달아날
추,2급,鄒,추나라
추,2급,楸,가래
추,1급,槌,칠擊
추,1급,樞,지도리
추,1급,芻,꼴
추,1급,墜,떨어질
추,1급,鰍,미꾸라지
추,1급,鎚,쇠망치
추,1급,酋,우두머리
추,1급,錐,송곳
추,1급,錘,저울추
추,1급,椎,쇠몽치
추,특급Ⅱ,皺,주름질
추,특급Ⅱ,萩,다북쑥
추,특급Ⅱ,湫,늪
추,특급Ⅱ,諏,가릴
추,특급Ⅱ,雛,새새끼
추,특급Ⅱ,騶,마부
추,특급,瘳,병나을
추,특급,鄹,나라이름
추,특급,萑,익모초
추,특급,緅,아청빛
추,특급,棸,나무이름
추,특급,麤,거칠
추,특급,鶖,무수리
추,특급,鵻,비둘기
추,특급,甃,우물벽돌
추,특급,縐,주름
추,특급,騅,푸르고흰얼룩말
추,특급,蝤,나무굼벵이
축,5급,祝,빌
축,4급Ⅱ,築,쌓을
축,4급Ⅱ,蓄,모을
축,4급,縮,줄일
축,3급Ⅱ,畜,짐승
축,3급,逐,쫓을
축,3급,丑,소
축,2급,蹴,찰
축,2급,軸,굴대
축,특급Ⅱ,蹙,찡그릴
축,특급Ⅱ,筑,악기이름
축,특급Ⅱ,竺,천축
축,특급,蓫,참소리쟁이
축,특급,柷,악기이름
축,특급,蹜,종종걸음칠
축,특급,妯,동서
축,특급,顣,찡그릴
축,특급,踧,삼갈
춘,7급,春,봄
춘,2급,椿,참죽나무
춘,특급Ⅱ,瑃,옥이름
춘,특급,賰,넉넉할
춘,특급,杶,참죽나무
출,7급,出,날生
출,1급,黜,내칠
출,특급Ⅱ,朮,삽주
출,특급,怵,두려울
충,5급Ⅱ,充,채울
충,4급Ⅱ,忠,충성
충,4급Ⅱ,蟲,벌레
충,3급Ⅱ,衝,찌를
충,2급,衷,속마음
충,2급,沖,화(和)할
충,특급,忡,근심할
충,특급,珫,귀막이
충,특급,虫,벌레
췌,1급,贅,혹
췌,1급,悴,파리할
췌,1급,膵,췌장
췌,1급,萃,모을
췌,특급,揣,헤아릴
췌,특급,惴,두려워할
췌,특급,瘁,병들
취,4급Ⅱ,取,가질
취,4급,就,나아갈
취,4급,趣,뜻
취,3급Ⅱ,吹,불
취,3급Ⅱ,醉,취할
취,3급,臭,냄새
취,2급,炊,불땔
취,2급,聚,모을
취,1급,娶,장가들
취,1급,翠,푸를
취,1급,脆,연할
취,특급Ⅱ,鷲,독수리
취,특급Ⅱ,嘴,부리
취,특급Ⅱ,驟,빠를
취,특급,毳,솜털
측,4급Ⅱ,測,헤아릴
측,3급Ⅱ,側,곁
측,1급,惻,슬플
측,특급Ⅱ,厠,뒷간
측,특급Ⅱ,仄,기울
측,특급,昃,해기울
측,특급,廁,뒷간
층,4급,層,층層階
치,5급,致,이를
치,4급Ⅱ,治,다스릴
치,4급Ⅱ,置,둘措
치,4급Ⅱ,齒,이
치,3급Ⅱ,値,값
치,3급Ⅱ,恥,부끄러울
치,3급Ⅱ,稚,어릴
치,2급,峙,언덕
치,2급,雉,꿩
치,1급,幟,기(旗)
치,1급,嗤,비웃을
치,1급,痔,치질
치,1급,侈,사치할
치,1급,熾,성할
치,1급,癡,어리석을
치,1급,緻,빽빽할
치,1급,馳,달릴
치,특급Ⅱ,輜,짐수레
치,특급Ⅱ,痴,어리석을癡
치,특급Ⅱ,穉,어릴
치,특급Ⅱ,蚩,어리석을
치,특급Ⅱ,淄,강이름
치,특급Ⅱ,緇,검을
치,특급Ⅱ,梔,치자나무
치,특급,褫,옷벗길
치,특급,懫,성낼
치,특급,庤,쌓을
치,특급,寘,둘
치,특급,懥,성낼
치,특급,鴟,솔개
치,특급,觶,술잔
치,특급,菑,묵정밭
치,특급,哆,입벌릴
치,특급,絺,가는칡베
칙,5급,則,법칙
칙,1급,勅,칙서
칙,특급Ⅱ,飭,신칙할
친,6급,親,친할
칠,8급,七,일곱
칠,3급Ⅱ,漆,옻
칠,특급Ⅱ,柒,옻漆
침,4급Ⅱ,侵,침노할
침,4급,寢,잘
침,4급,針,바늘
침,3급Ⅱ,浸,잠길
침,3급Ⅱ,沈,잠길
침,3급,枕,베개
침,1급,鍼,침(鍼)
침,1급,砧,다듬잇돌
침,특급Ⅱ,琛,보배
침,특급,忱,정성
침,특급,綅,붉은실
침,특급,寑,잘
침,특급,駸,말달릴
칩,1급,蟄,숨을
칩,특급,縶,말맬
칭,4급,稱,일컬을
칭,1급,秤,저울
쾌,4급Ⅱ,快,쾌할
쾌,특급,夬,괘이름
쾌,특급,噲,목구멍
타,5급,他,다를
타,5급,打,칠
타,3급,妥,온당할
타,3급,墮,떨어질
타,1급,駝,낙타
타,1급,楕,길고둥글
타,1급,惰,게으를
타,1급,唾,침涎
타,1급,陀,비탈질
타,1급,舵,키正船木
타,특급Ⅱ,朶,꽃송이
타,특급Ⅱ,馱,짐실을
타,특급Ⅱ,拖,끌
타,특급Ⅱ,咤,꾸짖을
타,특급,紽,타래
타,특급,佗,짊어질
타,특급,沱,물이름
타,특급,鮀,모래무지
타,특급,鼉,자라
타,특급,它,다를
타,특급,嶞,산좁고길
탁,5급,卓,높을
탁,3급,托,맡길
탁,3급,濁,흐릴
탁,3급,濯,씻을
탁,2급,琢,다듬을
탁,2급,託,부탁할
탁,1급,擢,뽑을
탁,1급,鐸,방울
탁,특급Ⅱ,倬,클
탁,특급Ⅱ,啄,쫄
탁,특급Ⅱ,坼,터질
탁,특급Ⅱ,晫,밝을
탁,특급Ⅱ,柝,쪼갤
탁,특급Ⅱ,琸,사람이름
탁,특급,橐,전대
탁,특급,椓,칠
탁,특급,蘀,낙엽
탄,5급,炭,숯
탄,4급,歎,탄식할
탄,4급,彈,탄알
탄,3급,誕,낳을
탄,2급,灘,여울
탄,1급,呑,삼킬
탄,1급,坦,평탄할
탄,1급,憚,꺼릴
탄,1급,綻,터질
탄,특급Ⅱ,嘆,한숨쉴歎
탄,특급,嘽,헐떡거릴
탄,특급,驒,연전총(連錢驄)
탄,특급,殫,다할
탄,특급,僤,빠를
탄,특급,疃,짐승발자국
탈,4급,脫,벗을
탈,3급Ⅱ,奪,빼앗을
탈,특급,梲,막대기
탐,4급,探,찾을
탐,3급,貪,탐낼
탐,2급,耽,즐길
탐,1급,眈,노려볼
탐,특급,醓,육장
탐,특급,嗿,먹는소리
탑,3급Ⅱ,塔,탑
탑,1급,搭,탈乘
탑,특급Ⅱ,榻,긴걸상
탑,특급,漯,물이모이는모양
탕,3급Ⅱ,湯,끓을
탕,1급,宕,호탕할
탕,1급,蕩,방탕할
탕,특급Ⅱ,帑,국고
탕,특급,簜,왕대
탕,특급,蝪,땅거미
탕,특급,盪,씻을
태,6급,太,클
태,4급Ⅱ,態,모습
태,3급Ⅱ,殆,거의
태,3급Ⅱ,泰,클
태,3급,怠,게으를
태,2급,颱,태풍
태,2급,胎,아이밸
태,2급,兌,바꿀
태,2급,台,별
태,1급,笞,볼기칠
태,1급,苔,이끼
태,1급,跆,밟을
태,1급,汰,일淘
태,특급Ⅱ,邰,나라이름
태,특급,駾,말빨리달릴
태,특급,迨,미칠
택,5급Ⅱ,宅,집
택,4급,擇,가릴
택,3급Ⅱ,澤,못
탱,1급,撐,버틸
탱,특급Ⅱ,撑,버틸撐
터,1급,攄,펼
토,8급,土,흙
토,4급,討,칠
토,3급Ⅱ,吐,토할
토,3급Ⅱ,兔,토끼
토,특급Ⅱ,兎,토끼兔
톤,특급,噋,느릿할
톤,특급,噸,무게단위
톤,특급,瓲,톤
톤,특급,畽,염우없을
톤,특급,啍,느릿할
통,6급,通,통할
통,4급Ⅱ,統,거느릴
통,4급,痛,아플
통,1급,慟,서러워할
통,1급,桶,통(桶)
통,1급,筒,통(筒)
통,특급,恫,슬플
퇴,4급Ⅱ,退,물러날
퇴,1급,頹,무너질
퇴,1급,堆,쌓을
퇴,1급,褪,바랠褪色
퇴,1급,腿,넓적다리
퇴,특급,蓷,익모초
퇴,특급,魋,짐승이름
퇴,특급,隤,무너질
투,4급,投,던질
투,4급,鬪,싸움
투,3급Ⅱ,透,사무칠
투,1급,套,씌울
투,1급,妬,샘낼
투,특급Ⅱ,偸,훔칠
투,특급,渝,변할
특,6급,特,특별할
특,1급,慝,사특할
특,특급,忒,변할
틈,특급Ⅱ,闖,엿볼
파,4급Ⅱ,波,물결
파,4급Ⅱ,破,깨뜨릴
파,4급,派,갈래
파,3급,播,뿌릴
파,3급,把,잡을
파,3급,罷,마칠
파,3급,頗,자못
파,2급,坡,언덕
파,1급,巴,꼬리
파,1급,爬,긁을
파,1급,琶,비파
파,1급,芭,파초
파,1급,跛,절름발이
파,1급,婆,할미
파,특급Ⅱ,杷,비파나무
파,특급Ⅱ,擺,벌릴
파,특급,嶓,산이름
파,특급,皤,머리흴
파,특급,豝,암퇘지
파,특급,簸,까부를
판,5급,板,널
판,4급,判,판단할
판,3급Ⅱ,版,판목
판,3급,販,팔賣
판,2급,阪,언덕
판,1급,辦,힘들일
판,특급Ⅱ,坂,언덕
판,특급Ⅱ,鈑,금박
판,특급Ⅱ,瓣,꽃잎
판,특급,昄,클
팔,8급,八,여덟
팔,특급Ⅱ,捌,깨뜨릴
팔,특급Ⅱ,叭,나팔
패,5급,敗,패할
패,3급,貝,조개
패,2급,霸,으뜸
패,1급,沛,비쏟아질
패,1급,牌,패(牌)
패,1급,悖,거스를
패,1급,唄,염불소리
패,1급,佩,찰帶
패,1급,稗,피穀類
패,특급Ⅱ,浿,강이름
패,특급Ⅱ,覇,으뜸霸
패,특급Ⅱ,狽,이리
패,특급,旆,기(旗)
패,특급,粺,정미(精米)
패,특급,茷,풀잎무성할
패,특급,孛,살별
팽,2급,彭,성(姓)
팽,1급,膨,불을
팽,1급,澎,물소리
팽,특급Ⅱ,烹,삶을
팽,특급,祊,제사이름
팽,특급,伻,심부름꾼
퍅,1급,愎,강퍅할
편,7급,便,편할
편,4급,篇,책
편,3급Ⅱ,編,엮을
편,3급Ⅱ,片,조각
편,3급Ⅱ,偏,치우칠
편,3급,遍,두루
편,2급,扁,작을
편,1급,鞭,채찍
편,1급,騙,속일
편,특급Ⅱ,翩,빨리날
편,특급,徧,두루
편,특급,褊,옷좁을
편,특급,諞,교묘히말할
폄,1급,貶,낮출
평,7급Ⅱ,平,평평할
평,4급,評,평할
평,2급,坪,들野
평,1급,萍,부평초(浮萍草)
평,특급Ⅱ,枰,바둑판
평,특급,苹,다북쑥
폐,4급,閉,닫을
폐,3급Ⅱ,肺,허파
폐,3급Ⅱ,廢,폐할
폐,3급Ⅱ,弊,폐단
폐,3급,幣,화폐
폐,3급,蔽,덮을
폐,1급,斃,죽을
폐,1급,陛,대궐섬돌
폐,특급Ⅱ,嬖,사랑할
폐,특급Ⅱ,吠,짖을
폐,특급,敝,해질
포,4급Ⅱ,砲,대포
포,4급Ⅱ,包,쌀裹
포,4급Ⅱ,布,베
포,4급,胞,세포
포,3급Ⅱ,捕,잡을
포,3급Ⅱ,浦,개水邊
포,3급,抱,안을
포,3급,飽,배부를
포,2급,怖,두려워할
포,2급,鋪,펼
포,2급,抛,던질
포,2급,鮑,절인물고기
포,2급,葡,포도
포,1급,疱,물집
포,1급,庖,부엌
포,1급,逋,도망갈
포,1급,褒,기릴
포,1급,袍,도포
포,1급,匍,길
포,1급,脯,포(脯)
포,1급,泡,거품
포,1급,圃,채마밭
포,1급,哺,먹일
포,1급,咆,고함지를咆哮
포,1급,蒲,부들
포,특급Ⅱ,佈,펼
포,특급Ⅱ,苞,떨기
포,특급Ⅱ,匏,박
포,특급,麃,고라니
포,특급,襃,기릴
포,특급,餔,저녁밥
포,특급,炰,구울
포,특급,炮,싸서구울
폭,4급Ⅱ,暴,사나울
폭,4급,爆,불터질
폭,3급,幅,폭
폭,1급,曝,쪼일
폭,1급,瀑,폭포
표,6급Ⅱ,表,겉
표,4급Ⅱ,票,표
표,4급,標,표할
표,3급,漂,떠다닐
표,2급,杓,북두자루
표,1급,豹,표범
표,1급,慓,급할
표,1급,飄,나부낄
표,1급,剽,겁박할
표,특급Ⅱ,俵,나누어줄
표,특급Ⅱ,彪,범
표,특급Ⅱ,驃,누런말
표,특급Ⅱ,瓢,표주박
표,특급Ⅱ,飇,폭풍
표,특급,鑣,재갈
표,특급,滮,물흐르는모양
표,특급,瀌,눈비퍼부을
표,특급,飆,폭풍
표,특급,摽,칠
표,특급,殍,굶어죽을
표,특급,嘌,빠를
표,특급,儦,떼지어다닐
품,5급Ⅱ,品,물건
품,1급,稟,여쭐
풍,6급Ⅱ,風,바람
풍,4급Ⅱ,豊,풍년
풍,3급Ⅱ,楓,단풍
풍,1급,諷,풍자할
풍,특급,豐,풍년
풍,특급,灃,강이름
피,4급,疲,피곤할
피,4급,避,피할
피,3급Ⅱ,被,입을
피,3급Ⅱ,皮,가죽
피,3급Ⅱ,彼,저
피,1급,披,헤칠
피,특급Ⅱ,陂,방죽
피,특급,詖,치우칠
필,5급Ⅱ,必,반드시
필,5급Ⅱ,筆,붓
필,3급Ⅱ,畢,마칠
필,3급,匹,짝
필,2급,弼,도울
필,1급,疋,필(匹)
필,특급Ⅱ,苾,필추
필,특급Ⅱ,珌,칼집장식옥
필,특급Ⅱ,馝,향기로울
필,특급,佖,점잖을
필,특급,鉍,창자루
필,특급,怭,설만할
필,특급,駜,말살찔
필,특급,鞸,슬갑
필,특급,觱,피리
필,특급,飶,음식의향기
핍,1급,逼,핍박할
핍,1급,乏,모자랄
핍,특급,偪,핍박할
하,7급Ⅱ,下,아래
하,7급,夏,여름
하,5급,河,물
하,3급Ⅱ,荷,멜
하,3급Ⅱ,賀,하례할
하,3급Ⅱ,何,어찌
하,1급,霞,노을
하,1급,遐,멀
하,1급,蝦,두꺼비
하,1급,瑕,허물
하,특급Ⅱ,廈,큰집
하,특급Ⅱ,厦,큰집
하,특급Ⅱ,昰,여름夏
하,특급Ⅱ,鰕,새우
하,특급,騢,적부루마
하,특급,芐,지황
하,특급,呀,입벌릴
하,특급,嘏,클
하,특급,菏,풀이름
학,8급,學,배울
학,3급Ⅱ,鶴,학
학,2급,虐,모질
학,1급,壑,구렁
학,1급,謔,희롱할
학,1급,瘧,학질(瘧疾)
학,특급,翯,함치르르할
한,8급,韓,한국
한,7급Ⅱ,漢,한수
한,5급,寒,찰
한,4급Ⅱ,限,한할
한,4급,閑,한가할
한,4급,恨,한怨
한,3급Ⅱ,汗,땀
한,3급,旱,가물
한,2급,翰,편지
한,2급,邯,조(趙)나라서울
한,1급,罕,드물
한,1급,悍,사나울
한,1급,澣,빨래할
한,특급Ⅱ,瀚,넓고클
한,특급Ⅱ,閒,한가할
한,특급,扞,막을
한,특급,暵,마를
한,특급,哻,코고는소리
한,특급,熯,마를
한,특급,僩,너그러울
할,3급Ⅱ,割,벨
할,1급,轄,다스릴
할,특급,劼,삼갈
할,특급,舝,비녀장
함,3급Ⅱ,含,머금을
함,3급Ⅱ,陷,빠질
함,3급,咸,다
함,2급,艦,큰 배
함,1급,緘,봉할
함,1급,涵,젖을
함,1급,檻,난간
함,1급,喊,소리칠
함,1급,函,함(函)
함,1급,銜,재갈
함,1급,鹹,짤鹽味
함,특급Ⅱ,啣,재갈銜
함,특급,諴,화할
함,특급,鬫,범우는소리
함,특급,菡,연꽃봉오리
합,6급,合,합할
합,1급,盒,합(盒)
합,1급,蛤,조개
합,특급Ⅱ,闔,문짝
합,특급Ⅱ,閤,합문
합,특급Ⅱ,哈,마실
합,특급,嗑,입다물
합,특급,柙,짐승우리
합,특급,盍,덮을
항,4급Ⅱ,航,배
항,4급Ⅱ,港,항구
항,4급,抗,겨룰
항,3급Ⅱ,恒,항상
항,3급Ⅱ,項,항목
항,3급,巷,거리
항,2급,沆,넓을
항,2급,亢,높을
항,1급,缸,항아리
항,1급,肛,항문
항,특급Ⅱ,桁,차꼬
항,특급Ⅱ,姮,항아(姮娥)
항,특급Ⅱ,杭,거룻배
항,특급Ⅱ,嫦,항아
항,특급Ⅱ,伉,강직할
항,특급,頏,새날아내릴
해,7급Ⅱ,海,바다
해,5급Ⅱ,害,해할
해,4급Ⅱ,解,풀
해,3급,亥,돼지
해,3급,奚,어찌
해,3급,該,갖출備
해,1급,諧,화할
해,1급,骸,뼈
해,1급,楷,본보기
해,1급,偕,함께
해,1급,駭,놀랄
해,1급,懈,게으를
해,1급,咳,기침
해,1급,邂,우연히만날
해,특급Ⅱ,蟹,게
해,특급Ⅱ,瀣,이슬
해,특급Ⅱ,孩,어린아이
해,특급Ⅱ,垓,땅가장자리
해,특급,陔,섬돌
해,특급,醢,젓
핵,4급,核,씨
핵,1급,劾,꾸짖을
핵,특급,覈,핵실할
행,6급Ⅱ,幸,다행
행,6급,行,다닐
행,2급,杏,살구
행,특급Ⅱ,荇,마름풀
행,특급Ⅱ,倖,요행
행,특급,悻,발끈성낼
향,6급,向,향할
향,4급Ⅱ,鄕,시골
향,4급Ⅱ,香,향기
향,3급Ⅱ,響,울릴
향,3급,享,누릴
향,1급,嚮,길잡을
향,1급,饗,잔치할
향,특급Ⅱ,珦,옥구슬
향,특급Ⅱ,餉,먹일
허,5급,許,허락할
허,4급Ⅱ,虛,빌
허,1급,噓,불吹
허,1급,墟,터
허,특급,栩,상수리나무
헌,4급,憲,법
헌,3급Ⅱ,獻,드릴
헌,3급,軒,집
헌,특급Ⅱ,櫶,나무이름
헌,특급,巘,산봉우리
헐,1급,歇,쉴
험,4급Ⅱ,驗,시험
험,4급,險,험할
험,특급,玁,오랑캐이름
험,특급,獫,오랑캐이름
혁,4급,革,가죽
혁,2급,爀,불빛
혁,2급,赫,빛날
혁,특급Ⅱ,奕,클
혁,특급,侐,고요할
혁,특급,洫,빌虛
혁,특급,焃,붉을
혁,특급,虩,두려워할
혁,특급,衋,애통해할
현,6급Ⅱ,現,나타날
현,4급Ⅱ,賢,어질
현,4급,顯,나타날
현,3급Ⅱ,懸,달繫
현,3급Ⅱ,玄,검을
현,3급,絃,줄
현,3급,縣,고을
현,2급,弦,시위
현,2급,峴,고개
현,2급,鉉,솥귀
현,2급,炫,밝을
현,1급,衒,자랑할
현,1급,眩,어지러울
현,1급,絢,무늬
현,특급Ⅱ,睍,눈불거질
현,특급Ⅱ,俔,엿볼
현,특급Ⅱ,晛,햇살
현,특급Ⅱ,玹,옥돌
현,특급Ⅱ,舷,뱃전
현,특급Ⅱ,泫,눈물흘릴
현,특급,鞙,멍에끈
현,특급,儇,영리할
현,특급,嬛,산뜻할
현,특급,昡,햇빛
현,특급,駽,검푸른말
현,특급,莧,비름
현,특급,怰,팔
혈,4급Ⅱ,血,피
혈,3급Ⅱ,穴,굴
혈,특급Ⅱ,孑,외로울
혈,특급Ⅱ,頁,머리
혈,특급,絜,잴
혐,3급,嫌,싫어할
협,4급Ⅱ,協,화할
협,3급Ⅱ,脅,위협할
협,2급,峽,골짜기
협,2급,陜,좁을
협,1급,俠,의기로울
협,1급,挾,낄
협,1급,狹,좁을
협,1급,頰,뺨
협,특급Ⅱ,脇,갈비脅
협,특급Ⅱ,浹,두루미칠
협,특급Ⅱ,夾,낄
협,특급Ⅱ,鋏,가위
협,특급Ⅱ,莢,콩꼬투리
협,특급,冾,젖을
협,특급,恊,맞을
형,8급,兄,형
형,6급Ⅱ,形,모양
형,4급,刑,형벌
형,3급Ⅱ,衡,저울대
형,3급,亨,형통할
형,3급,螢,반딧불
형,2급,型,모형
형,2급,馨,꽃다울
형,2급,邢,성(姓)
형,2급,瑩,밝을
형,2급,炯,빛날
형,2급,瀅,물맑을
형,1급,荊,가시
형,특급Ⅱ,灐,사람이름
형,특급Ⅱ,烱,빛날
형,특급Ⅱ,滎,실개천
형,특급Ⅱ,泂,멀
형,특급Ⅱ,逈,멀
형,특급Ⅱ,珩,패옥
형,특급Ⅱ,鎣,줄
형,특급Ⅱ,熒,등불반짝거릴
혜,4급Ⅱ,惠,은혜
혜,3급Ⅱ,慧,슬기로울
혜,3급,兮,어조사
혜,1급,彗,살별
혜,1급,醯,식혜
혜,특급Ⅱ,暳,별반짝거릴
혜,특급Ⅱ,蹊,지름길
혜,특급Ⅱ,鞋,신
혜,특급Ⅱ,蕙,난초
혜,특급,嘒,반짝거릴
혜,특급,憓,사랑할
혜,특급,盻,눈흘길
혜,특급,徯,기다릴
혜,특급,傒,기다릴
혜,특급,譓,슬기로울
호,6급,號,이름
호,5급,湖,호수
호,4급Ⅱ,好,좋을
호,4급Ⅱ,戶,집
호,4급Ⅱ,護,도울
호,4급Ⅱ,呼,부를
호,3급Ⅱ,浩,넓을
호,3급Ⅱ,豪,호걸
호,3급Ⅱ,胡,되狄
호,3급Ⅱ,虎,범
호,3급,乎,어조사
호,3급,互,서로
호,3급,毫,터럭
호,2급,濠,호주
호,2급,壕,해자
호,2급,扈,따를
호,2급,昊,하늘
호,2급,鎬,호경
호,2급,澔,넓을
호,2급,皓,흴白
호,2급,祜,복(福)
호,2급,晧,밝을
호,1급,糊,풀칠할
호,1급,弧,활
호,1급,狐,여우
호,1급,瑚,산호
호,1급,琥,호박(琥珀)
호,특급Ⅱ,蒿,다북쑥
호,특급Ⅱ,葫,물외
호,특급Ⅱ,芦,지황
호,특급Ⅱ,壺,병
호,특급Ⅱ,蝴,나비
호,특급Ⅱ,頀,구할
호,특급Ⅱ,顥,클
호,특급Ⅱ,縞,흰깁
호,특급Ⅱ,灝,물줄기멀
호,특급Ⅱ,瓠,박
호,특급Ⅱ,滸,물가
호,특급Ⅱ,岵,초목이우거진산
호,특급Ⅱ,淏,맑을
호,특급Ⅱ,濩,퍼질
호,특급,薅,김맬
호,특급,皥,밝을
호,특급,皜,흴
호,특급,怙,믿을
호,특급,嘑,부르짖을
혹,4급,或,혹
혹,3급Ⅱ,惑,미혹할
혹,2급,酷,심할
혼,4급,婚,혼인할
혼,4급,混,섞을
혼,3급Ⅱ,魂,넋
혼,3급,昏,어두울
혼,1급,渾,흐릴
혼,특급Ⅱ,琿,아름다운옥
혼,특급,惛,흐릴
홀,3급Ⅱ,忽,갑자기
홀,1급,笏,홀(笏)
홀,1급,惚,황홀할
홍,4급,紅,붉을
홍,3급Ⅱ,洪,넓을
홍,3급,鴻,기러기
홍,3급,弘,클
홍,2급,泓,물깊을
홍,1급,哄,떠들썩할
홍,1급,訌,어지러울
홍,1급,虹,무지개
홍,특급Ⅱ,烘,불쬘
홍,특급Ⅱ,汞,수은
홍,특급,鉷,쇠뇌
홍,특급,鬨,싸움소리
홍,특급,洚,물넘칠
화,8급,火,불
화,7급Ⅱ,話,말씀
화,7급,花,꽃
화,6급Ⅱ,和,화할
화,6급,畫,그림
화,5급Ⅱ,化,될
화,4급Ⅱ,貨,재물
화,4급,華,빛날
화,3급Ⅱ,禍,재앙
화,3급,禾,벼
화,2급,靴,신履
화,2급,樺,벚나무
화,2급,嬅,탐스러울
화,특급Ⅱ,譁,지껄일
화,특급Ⅱ,畵,그림
확,4급Ⅱ,確,굳을
확,3급,穫,거둘
확,3급,擴,넓힐
확,특급Ⅱ,碻,굳을
확,특급Ⅱ,攫,움킬
확,특급,雘,붉을
확,특급,矍,두리번거릴
환,5급,患,근심
환,4급,歡,기쁠
환,4급,環,고리
환,3급Ⅱ,還,돌아올
환,3급Ⅱ,換,바꿀
환,3급,丸,둥글
환,2급,幻,헛보일
환,2급,煥,빛날
환,2급,桓,굳셀
환,1급,宦,벼슬
환,1급,鰥,홀아비
환,1급,喚,부를
환,1급,驩,기뻐할
환,특급Ⅱ,奐,빛날
환,특급Ⅱ,晥,밝을
환,특급Ⅱ,紈,흰깁
환,특급Ⅱ,渙,물흩어질
환,특급,芄,왕골
환,특급,鐶,고리
환,특급,鍰,무게단위
환,특급,豢,기를
환,특급,逭,도망할
환,특급,睆,밝을
환,특급,懽,기뻐할
환,특급,圜,두를
활,7급Ⅱ,活,살
활,2급,滑,미끄러울
활,1급,猾,교활할
활,1급,闊,넓을
활,특급Ⅱ,豁,넓을
활,특급,濶,넓을
황,6급,黃,누를
황,4급,況,상황
황,3급Ⅱ,皇,임금
황,3급Ⅱ,荒,거칠
황,2급,晃,밝을
황,2급,滉,깊을
황,1급,煌,빛날
황,1급,徨,헤맬
황,1급,遑,급할
황,1급,恍,황홀할
황,1급,慌,어리둥절할
황,1급,凰,봉황
황,1급,惶,두려울
황,특급Ⅱ,篁,대숲
황,특급Ⅱ,榥,책상
황,특급Ⅱ,湟,웅덩이
황,특급Ⅱ,潢,웅덩이
황,특급Ⅱ,璜,패옥
황,특급Ⅱ,簧,생황
황,특급Ⅱ,蝗,황충食苗蟲
황,특급Ⅱ,幌,휘장
황,특급Ⅱ,愰,들뜰
황,특급Ⅱ,晄,밝을
황,특급Ⅱ,隍,해자
황,특급,喤,울음소리
황,특급,堭,해자
황,특급,媓,어머니
회,6급Ⅱ,會,모일
회,4급Ⅱ,回,돌아올
회,4급,灰,재
회,3급Ⅱ,懷,품을
회,3급Ⅱ,悔,뉘우칠
회,2급,廻,돌旋
회,2급,淮,물이름
회,2급,檜,전나무
회,1급,賄,재물
회,1급,誨,가르칠
회,1급,蛔,회충
회,1급,膾,회(膾)
회,1급,繪,그림
회,1급,晦,그믐
회,1급,徊,머뭇거릴
회,1급,恢,넓을
회,특급Ⅱ,匯,물돌아모일
회,특급Ⅱ,澮,봇도랑
회,특급Ⅱ,茴,회향
회,특급Ⅱ,獪,교활할
회,특급,頮,낯씻을
회,특급,洄,거슬러흐를
회,특급,薈,초목무성할
획,3급Ⅱ,獲,얻을
획,3급Ⅱ,劃,그을
획,특급,擭,잡을
횡,3급Ⅱ,橫,가로
횡,특급Ⅱ,鐄,큰쇠북
횡,특급Ⅱ,宖,집울릴
효,7급Ⅱ,孝,효도
효,5급Ⅱ,效,본받을
효,3급,曉,새벽
효,1급,嚆,울릴
효,1급,爻,사귈
효,1급,酵,삭힐
효,1급,哮,성낼
효,특급Ⅱ,驍,날랠
효,특급Ⅱ,斅,가르칠
효,특급Ⅱ,梟,올빼미
효,특급Ⅱ,淆,뒤섞일
효,특급Ⅱ,涍,물이름
효,특급Ⅱ,肴,안주
효,특급,鴞,부엉이
효,특급,効,본받을
효,특급,嘵,두려워할
효,특급,傚,본받을
효,특급,囂,들렐
효,특급,殽,섞일
효,특급,虓,범울부짖을
후,7급Ⅱ,後,뒤
후,4급,厚,두터울
후,4급,候,기후
후,3급,侯,제후
후,2급,喉,목구멍
후,2급,后,임금
후,1급,逅,만날
후,1급,朽,썩을
후,1급,嗅,맡을
후,1급,吼,울부짖을
후,특급Ⅱ,帿,과녁
후,특급Ⅱ,珝,옥이름
후,특급Ⅱ,煦,따스할
후,특급,酗,주정할
후,특급,餱,건량
후,특급,鍭,화살촉
후,특급,詡,자랑할
훈,6급,訓,가르칠
훈,2급,勳,공(功)
훈,2급,熏,불길
훈,2급,薰,향풀
훈,2급,壎,질나팔
훈,1급,暈,무리光環
훈,특급Ⅱ,焄,향내
훈,특급Ⅱ,塤,질나발壎
훈,특급Ⅱ,勛,공勳
훈,특급Ⅱ,燻,연기치밀
훈,특급,纁,분홍빛
훈,특급,鑂,금빛바랠
훙,특급Ⅱ,薨,죽을
훤,1급,喧,지껄일
훤,특급Ⅱ,暄,따뜻할
훤,특급Ⅱ,萱,원추리
훤,특급Ⅱ,煊,밝을
훤,특급,貆,담비새끼
훤,특급,諼,속일
훤,특급,咺,울
훤,특급,諠,지껄일
훼,3급,毁,헐
훼,1급,喙,부리
훼,1급,卉,풀
훼,특급,虺,독사
휘,4급,揮,휘두를
휘,3급,輝,빛날
휘,2급,徽,아름다울
휘,1급,麾,기(旗)
휘,1급,彙,무리
휘,1급,諱,숨길
휘,특급Ⅱ,煇,빛날
휘,특급Ⅱ,暉,햇빛
휘,특급,翬,날개훨훨칠
휴,7급,休,쉴
휴,3급,携,이끌
휴,2급,烋,아름다울
휴,특급Ⅱ,虧,이지러질
휴,특급Ⅱ,畦,밭이랑
휴,특급,觿,뿔송곳
휴,특급,睢,부릅떠볼
휴,특급,咻,지껄일
휴,특급,攜,끌
휼,1급,恤,불쌍할
휼,특급Ⅱ,譎,속일
휼,특급Ⅱ,鷸,도요새
휼,특급,遹,좇을
흉,5급Ⅱ,凶,흉할
흉,3급Ⅱ,胸,가슴
흉,2급,匈,오랑캐
흉,1급,兇,흉악할
흉,1급,洶,용솟음칠
흉,특급,訩,흉악할
흑,5급,黑,검을
흔,1급,欣,기쁠
흔,1급,痕,흔적
흔,특급Ⅱ,昕,해돋을
흔,특급Ⅱ,炘,화끈거릴
흔,특급,釁,틈
흔,특급,忻,기뻐할
흘,특급Ⅱ,屹,산우뚝할
흘,특급Ⅱ,吃,말더듬을
흘,특급Ⅱ,紇,질낮은실
흘,특급Ⅱ,訖,이를至
흘,특급,齕,씹을
흘,특급,迄,이를
흘,특급,汔,거의
흘,특급,仡,날랠
흠,2급,欽,공경할
흠,1급,歆,흠향할
흠,1급,欠,하품
흡,4급Ⅱ,吸,마실
흡,1급,洽,흡족할
흡,1급,恰,흡사할
흡,특급Ⅱ,翕,모을
흡,특급,潝,물빨리흐를
흥,4급Ⅱ,興,일盛
희,4급Ⅱ,希,바랄
희,4급,喜,기쁠
희,3급Ⅱ,稀,드물
희,3급Ⅱ,戲,놀이
희,2급,煕,빛날
희,2급,姬,계집
희,2급,噫,한숨쉴
희,2급,熹,빛날
희,2급,憙,기뻐할
희,2급,嬉,아름다울
희,2급,羲,복희(伏羲)
희,2급,禧,복(福)
희,1급,犧,희생
희,특급Ⅱ,熺,빛날熹
희,특급Ⅱ,凞,화할
희,특급Ⅱ,僖,즐거울
희,특급Ⅱ,囍,쌍희(雙喜)
희,특급Ⅱ,憘,기쁠喜
희,특급Ⅱ,戱,놀이戲
희,특급Ⅱ,晞,마를
희,특급Ⅱ,曦,햇빛
희,특급,饎,주식
희,특급,咥,웃을
희,특급,嘻,탄식하는소리
희,특급,爔,불
희,특급,豨,돼지
희,특급,餼,보낼
희,특급,橲,나무이름
힐,1급,詰,꾸짖을
힐,특급,襭,옷자락에꽂을